prefix,group,source,round,source_cycle,execution_index,benchmark,cpu,raw_benchmark,iterations,ns_op,bytes_op,allocs_op,comparison,note,raw_file
r9,public,baseline,1,1,13,BenchmarkSessionValidateAllContent/4,,BenchmarkSessionValidateAllContent/4,84966,2849,0,0,paired,,r9-public-1-baseline.txt
r9,public,baseline,1,1,13,BenchmarkSessionValidateAllContent/16,,BenchmarkSessionValidateAllContent/16,22552,10618,0,0,paired,,r9-public-1-baseline.txt
r9,public,baseline,1,1,13,BenchmarkSessionValidateAllContent/64,,BenchmarkSessionValidateAllContent/64,4545,54065,0,0,paired,,r9-public-1-baseline.txt
r9,public,baseline,1,1,13,BenchmarkSessionValidateAllContent/256,,BenchmarkSessionValidateAllContent/256,588,390699,0,0,paired,,r9-public-1-baseline.txt
r9,public,baseline,1,1,13,BenchmarkSessionValidateAllContent/1024,,BenchmarkSessionValidateAllContent/1024,54,4413500,1960,513,paired,,r9-public-1-baseline.txt
r9,public,baseline,1,1,13,BenchmarkCompileSmallSchema,,BenchmarkCompileSmallSchema,1245,194798,206075,625,paired,,r9-public-1-baseline.txt
r9,public,baseline,1,1,13,BenchmarkCompileAndFirstSession,,BenchmarkCompileAndFirstSession,1165,212075,279815,627,paired,,r9-public-1-baseline.txt
r9,public,baseline,1,1,13,BenchmarkValidateRepeatedSmallDocument,,BenchmarkValidateRepeatedSmallDocument,806,314229,76808,38,paired,,r9-public-1-baseline.txt
r9,public,baseline,1,1,13,BenchmarkSessionValidateRepeatedSmallDocument,,BenchmarkSessionValidateRepeatedSmallDocument,877,284693,35,1,paired,,r9-public-1-baseline.txt
r9,public,baseline,1,1,13,BenchmarkSessionValidateNamespaceAdmissionChurn/depth_16/churn_false,,BenchmarkSessionValidateNamespaceAdmissionChurn/depth_16/churn_false,29890,8087,32,1,paired,,r9-public-1-baseline.txt
r9,public,baseline,1,1,13,BenchmarkSessionValidateNamespaceAdmissionChurn/depth_16/churn_true,,BenchmarkSessionValidateNamespaceAdmissionChurn/depth_16/churn_true,17960,13176,32,1,paired,,r9-public-1-baseline.txt
r9,public,baseline,1,1,13,BenchmarkSessionValidateNamespaceAdmissionChurn/depth_64/churn_false,,BenchmarkSessionValidateNamespaceAdmissionChurn/depth_64/churn_false,8168,29979,32,1,paired,,r9-public-1-baseline.txt
r9,public,baseline,1,1,13,BenchmarkSessionValidateNamespaceAdmissionChurn/depth_64/churn_true,,BenchmarkSessionValidateNamespaceAdmissionChurn/depth_64/churn_true,4731,50611,32,1,paired,,r9-public-1-baseline.txt
r9,public,baseline,1,1,13,BenchmarkSessionValidateNamespaceAdmissionChurn/depth_256/churn_false,,BenchmarkSessionValidateNamespaceAdmissionChurn/depth_256/churn_false,1980,125330,32,1,paired,,r9-public-1-baseline.txt
r9,public,baseline,1,1,13,BenchmarkSessionValidateNamespaceAdmissionChurn/depth_256/churn_true,,BenchmarkSessionValidateNamespaceAdmissionChurn/depth_256/churn_true,1164,212005,32,1,paired,,r9-public-1-baseline.txt
r9,public,baseline,1,1,13,BenchmarkSessionValidateRepeatedXSIType,,BenchmarkSessionValidateRepeatedXSIType,2652,91643,33,1,paired,,r9-public-1-baseline.txt
r9,public,baseline,1,1,13,BenchmarkSessionValidateIDAttributeStart,,BenchmarkSessionValidateIDAttributeStart,1882,127682,840,101,paired,,r9-public-1-baseline.txt
r9,public,baseline,1,1,13,BenchmarkSessionValidateSimpleIDEnd,,BenchmarkSessionValidateSimpleIDEnd,2114,110943,832,101,paired,,r9-public-1-baseline.txt
r9,public,baseline,1,1,13,BenchmarkSessionValidateRepeatedQNameValues,,BenchmarkSessionValidateRepeatedQNameValues,1480,165024,33,1,paired,,r9-public-1-baseline.txt
r9,public,baseline,1,1,13,BenchmarkSessionValidateRepeatedLaxWildcard,,BenchmarkSessionValidateRepeatedLaxWildcard,174256,1450,32,1,paired,,r9-public-1-baseline.txt
r9,public,baseline,1,1,13,BenchmarkSessionValidateStringLengthFacet,,BenchmarkSessionValidateStringLengthFacet,23335,10242,32,1,paired,,r9-public-1-baseline.txt
r9,public,baseline,1,1,13,BenchmarkSessionValidateWideChoice,,BenchmarkSessionValidateWideChoice,78,2696912,448,6,paired,,r9-public-1-baseline.txt
r9,public,baseline,1,1,13,BenchmarkValidateSubstitutionGroup,,BenchmarkValidateSubstitutionGroup,331,743543,78272,60,paired,,r9-public-1-baseline.txt
r9,public,baseline,1,1,13,BenchmarkSessionValidateDateDecimalRows,,BenchmarkSessionValidateDateDecimalRows,1238,191919,34,1,paired,,r9-public-1-baseline.txt
r9,public,baseline,1,1,13,BenchmarkValidateSmallInvalidDocument,,BenchmarkValidateSmallInvalidDocument,16752,14072,77840,59,paired,,r9-public-1-baseline.txt
r9,public,baseline,1,1,13,BenchmarkValidateManyRecoverablePathErrors,,BenchmarkValidateManyRecoverablePathErrors,2556,98964,110352,631,paired,,r9-public-1-baseline.txt
r9,public,baseline,1,1,13,BenchmarkValidateDeeplyNestedDocument,,BenchmarkValidateDeeplyNestedDocument,1986,118204,184288,311,paired,,r9-public-1-baseline.txt
r9,public,baseline,1,1,13,BenchmarkSessionValidateDeepThenShallow,,BenchmarkSessionValidateDeepThenShallow,330292,735.7,32,1,paired,,r9-public-1-baseline.txt
r9,public,baseline,1,1,13,BenchmarkValidateDuplicateAttributes,,BenchmarkValidateDuplicateAttributes,651,362020,612000,1604,paired,,r9-public-1-baseline.txt
r9,public,baseline,1,1,13,BenchmarkCompileDuplicateSchemaSources,,BenchmarkCompileDuplicateSchemaSources,475,490516,1236932,894,paired,,r9-public-1-baseline.txt
r9,public,baseline,1,1,13,BenchmarkCompileIncludeGraph,,BenchmarkCompileIncludeGraph,153,1544052,7037042,6812,paired,,r9-public-1-baseline.txt
r9,public,baseline,1,1,13,BenchmarkCompileChameleonTargetFanout/targets_1,,BenchmarkCompileChameleonTargetFanout/targets_1,1503,163006,312904,489,paired,,r9-public-1-baseline.txt
r9,public,baseline,1,1,13,BenchmarkCompileChameleonTargetFanout/targets_8,,BenchmarkCompileChameleonTargetFanout/targets_8,806,286766,903504,1143,paired,,r9-public-1-baseline.txt
r9,public,baseline,1,1,13,BenchmarkCompileChameleonTargetFanout/targets_32,,BenchmarkCompileChameleonTargetFanout/targets_32,352,696828,2923409,3181,paired,,r9-public-1-baseline.txt
r9,public,baseline,1,1,13,BenchmarkCompileSchemaText,,BenchmarkCompileSchemaText,768,311499,1140336,360,paired,,r9-public-1-baseline.txt
r9,public,baseline,1,1,13,BenchmarkValidateIdentityConstraints,,BenchmarkValidateIdentityConstraints,777,306269,172344,610,paired,,r9-public-1-baseline.txt
r9,public,baseline,1,1,13,BenchmarkValidateIdentityConstraintsRows/rows_10,,BenchmarkValidateIdentityConstraintsRows/rows_10,6241,48935,87048,130,paired,,r9-public-1-baseline.txt
r9,public,baseline,1,1,13,BenchmarkValidateIdentityConstraintsRows/rows_100,,BenchmarkValidateIdentityConstraintsRows/rows_100,787,307369,172344,610,paired,,r9-public-1-baseline.txt
r9,public,baseline,1,1,13,BenchmarkValidateIdentityConstraintsRows/rows_1000,,BenchmarkValidateIdentityConstraintsRows/rows_1000,88,2935681,1057826,5149,paired,,r9-public-1-baseline.txt
r9,public,baseline,1,1,13,BenchmarkSessionValidateIdentityConstraintsRows/rows_10,,BenchmarkSessionValidateIdentityConstraintsRows/rows_10,9580,26534,4168,42,paired,,r9-public-1-baseline.txt
r9,public,baseline,1,1,13,BenchmarkSessionValidateIdentityConstraintsRows/rows_100,,BenchmarkSessionValidateIdentityConstraintsRows/rows_100,986,258915,37717,321,paired,,r9-public-1-baseline.txt
r9,public,baseline,1,1,13,BenchmarkSessionValidateIdentityConstraintsRows/rows_1000,,BenchmarkSessionValidateIdentityConstraintsRows/rows_1000,99,2692091,445465,4021,paired,,r9-public-1-baseline.txt
r9,public,baseline,1,1,13,BenchmarkValidateIdentityConstraintsFields/fields_1,,BenchmarkValidateIdentityConstraintsFields/fields_1,1297,193778,124920,473,paired,,r9-public-1-baseline.txt
r9,public,baseline,1,1,13,BenchmarkValidateIdentityConstraintsFields/fields_3,,BenchmarkValidateIdentityConstraintsFields/fields_3,579,380110,165816,1190,paired,,r9-public-1-baseline.txt
r9,public,baseline,1,1,13,BenchmarkValidateIdentityConstraintsFields/fields_8,,BenchmarkValidateIdentityConstraintsFields/fields_8,336,706896,232080,2424,paired,,r9-public-1-baseline.txt
r9,public,baseline,1,1,13,BenchmarkSessionValidateNestedIdentitySelections/depth_16,,BenchmarkSessionValidateNestedIdentitySelections/depth_16,8736,31500,4122,27,paired,,r9-public-1-baseline.txt
r9,public,baseline,1,1,13,BenchmarkSessionValidateNestedIdentitySelections/depth_64,,BenchmarkSessionValidateNestedIdentitySelections/depth_64,1386,181242,17165,79,paired,,r9-public-1-baseline.txt
r9,public,baseline,1,1,13,BenchmarkSessionValidateNestedIdentitySelections/depth_256,,BenchmarkSessionValidateNestedIdentitySelections/depth_256,136,1756107,71150,279,paired,,r9-public-1-baseline.txt
r9,public,baseline,1,1,13,BenchmarkSessionValidateNestedIdentitySelectionPaths,,BenchmarkSessionValidateNestedIdentitySelectionPaths,811,309391,131260,3,paired,,r9-public-1-baseline.txt
r9,public,baseline,1,1,13,BenchmarkSessionValidateRetainedIdentityPaths,,BenchmarkSessionValidateRetainedIdentityPaths,86,3187028,651841,4025,paired,,r9-public-1-baseline.txt
r9,public,baseline,1,1,13,BenchmarkSessionValidateDisjointIdentityPaths/lexical,,BenchmarkSessionValidateDisjointIdentityPaths/lexical,12,18794746,181640,307,paired,,r9-public-1-baseline.txt
r9,public,baseline,1,1,13,BenchmarkSessionValidateDisjointIdentityPaths/expanded,,BenchmarkSessionValidateDisjointIdentityPaths/expanded,7,29103696,163123,348,paired,,r9-public-1-baseline.txt
r9,public,baseline,1,1,13,BenchmarkSessionValidateDisjointIdentityPaths/expanded_distinct_namespaces,,BenchmarkSessionValidateDisjointIdentityPaths/expanded_distinct_namespaces,6,37956458,3348497,32998,paired,,r9-public-1-baseline.txt
r9,public,baseline,1,1,13,BenchmarkSessionValidateDisjointIdentityPaths/expanded_distinct_control,,BenchmarkSessionValidateDisjointIdentityPaths/expanded_distinct_control,7,33232024,545968,32419,paired,,r9-public-1-baseline.txt
r9,public,baseline,1,1,13,BenchmarkSessionValidateExpandedIdentityPaths,,BenchmarkSessionValidateExpandedIdentityPaths,100,2022640,359797,2528,paired,,r9-public-1-baseline.txt
r9,public,baseline,1,1,13,BenchmarkSessionValidateSharedExpandedIdentityPrefix/identity,,BenchmarkSessionValidateSharedExpandedIdentityPrefix/identity,10,21071062,4743599,19811,paired,,r9-public-1-baseline.txt
r9,public,baseline,1,1,13,BenchmarkSessionValidateSharedExpandedIdentityPrefix/control,,BenchmarkSessionValidateSharedExpandedIdentityPrefix/control,20,11880390,5249,19,paired,,r9-public-1-baseline.txt
r9,public,baseline,1,1,13,BenchmarkCompileCountedChoiceDFA/small,,BenchmarkCompileCountedChoiceDFA/small,1341,186089,193329,752,paired,,r9-public-1-baseline.txt
r9,public,baseline,1,1,13,BenchmarkCompileCountedChoiceDFA/medium,,BenchmarkCompileCountedChoiceDFA/medium,1005,245716,259461,1402,paired,,r9-public-1-baseline.txt
r9,public,baseline,1,1,13,BenchmarkCompileCountedChoiceDFA/large,,BenchmarkCompileCountedChoiceDFA/large,634,367675,360035,2331,paired,,r9-public-1-baseline.txt
r9,public,baseline,1,1,13,BenchmarkCompileSubstitutionGroups,,BenchmarkCompileSubstitutionGroups,349,674866,460032,1621,paired,,r9-public-1-baseline.txt
r9,public,baseline,1,1,13,BenchmarkCompileAttributeGroupFanout/refs_1,,BenchmarkCompileAttributeGroupFanout/refs_1,1738,139607,164816,416,paired,,r9-public-1-baseline.txt
r9,public,baseline,1,1,13,BenchmarkCompileAttributeGroupFanout/refs_10,,BenchmarkCompileAttributeGroupFanout/refs_10,1210,204212,204440,756,paired,,r9-public-1-baseline.txt
r9,public,baseline,1,1,13,BenchmarkCompileAttributeGroupFanout/refs_100,,BenchmarkCompileAttributeGroupFanout/refs_100,303,797916,655064,3564,paired,,r9-public-1-baseline.txt
r9,public,baseline,1,1,13,BenchmarkCompileAttributeGroupFanout/refs_1000,,BenchmarkCompileAttributeGroupFanout/refs_1000,37,7115077,5075472,30004,paired,,r9-public-1-baseline.txt
r9,public,baseline,1,1,13,BenchmarkCompileRegexCategoryEscapes,,BenchmarkCompileRegexCategoryEscapes,81,2989171,6693491,9768,paired,,r9-public-1-baseline.txt
r9,public,baseline,1,1,13,BenchmarkCompileDeepSimpleTypeChain,,BenchmarkCompileDeepSimpleTypeChain,28,8699371,2268158,8478,paired,,r9-public-1-baseline.txt
r9,public,baseline,1,1,13,BenchmarkCompileRepeatedNestedUnionMembers,,BenchmarkCompileRepeatedNestedUnionMembers,210,1125200,830432,4784,paired,,r9-public-1-baseline.txt
r9,public,baseline,1,1,13,BenchmarkCompileOpaqueAnnotationPayload,,BenchmarkCompileOpaqueAnnotationPayload,222,1082793,361384,2874,paired,,r9-public-1-baseline.txt
r9,public,baseline,1,1,13,BenchmarkSessionValidateUndeclaredRootXSIType,,BenchmarkSessionValidateUndeclaredRootXSIType,159129,1602,32,1,paired,,r9-public-1-baseline.txt
r9,public,baseline,1,1,13,BenchmarkCompileSourceDocuments/distinct,,BenchmarkCompileSourceDocuments/distinct,135,1751091,10181559,8054,paired,,r9-public-1-baseline.txt
r9,public,baseline,1,1,13,BenchmarkCompileSourceDocuments/duplicate_identity,,BenchmarkCompileSourceDocuments/duplicate_identity,96,2598193,10625095,13699,paired,,r9-public-1-baseline.txt
r9,public,baseline,1,1,13,BenchmarkCompileStreamingSource/4096B,,BenchmarkCompileStreamingSource/4096B,1100,209267,166840,361,paired,,r9-public-1-baseline.txt
r9,public,baseline,1,1,13,BenchmarkCompileStreamingSource/1048576B,,BenchmarkCompileStreamingSource/1048576B,14,15619455,2384442,376,paired,,r9-public-1-baseline.txt
r9,public,baseline,1,1,13,BenchmarkCompileStreamingSource/16777216B,,BenchmarkCompileStreamingSource/16777216B,1,229673458,36381256,383,paired,,r9-public-1-baseline.txt
r9,public,baseline,1,1,13,BenchmarkSessionValidateUnionLateMember,,BenchmarkSessionValidateUnionLateMember,1429,164194,32,1,paired,matching public API workload added in both snapshots,r9-public-1-baseline.txt
r9,public,current,1,2,14,BenchmarkSessionValidateAllContent/4,,BenchmarkSessionValidateAllContent/4,93980,2615,0,0,paired,,r9-public-1-current.txt
r9,public,current,1,2,14,BenchmarkSessionValidateAllContent/16,,BenchmarkSessionValidateAllContent/16,26529,9096,0,0,paired,,r9-public-1-current.txt
r9,public,current,1,2,14,BenchmarkSessionValidateAllContent/64,,BenchmarkSessionValidateAllContent/64,6970,34160,0,0,paired,,r9-public-1-current.txt
r9,public,current,1,2,14,BenchmarkSessionValidateAllContent/256,,BenchmarkSessionValidateAllContent/256,1844,128338,0,0,paired,,r9-public-1-current.txt
r9,public,current,1,2,14,BenchmarkSessionValidateAllContent/1024,,BenchmarkSessionValidateAllContent/1024,433,525266,1960,513,paired,,r9-public-1-current.txt
r9,public,current,1,2,14,BenchmarkCompileSmallSchema,,BenchmarkCompileSmallSchema,2313,100209,198809,569,paired,,r9-public-1-current.txt
r9,public,current,1,2,14,BenchmarkCompileAndFirstSession,,BenchmarkCompileAndFirstSession,2263,110427,272549,571,paired,,r9-public-1-current.txt
r9,public,current,1,2,14,BenchmarkValidateRepeatedSmallDocument,,BenchmarkValidateRepeatedSmallDocument,757,317308,76080,28,paired,,r9-public-1-current.txt
r9,public,current,1,2,14,BenchmarkSessionValidateRepeatedSmallDocument,,BenchmarkSessionValidateRepeatedSmallDocument,906,273679,34,1,paired,,r9-public-1-current.txt
r9,public,current,1,2,14,BenchmarkSessionValidateNamespaceAdmissionChurn/depth_16/churn_false,,BenchmarkSessionValidateNamespaceAdmissionChurn/depth_16/churn_false,34149,7103,32,1,paired,,r9-public-1-current.txt
r9,public,current,1,2,14,BenchmarkSessionValidateNamespaceAdmissionChurn/depth_16/churn_true,,BenchmarkSessionValidateNamespaceAdmissionChurn/depth_16/churn_true,18614,12526,32,1,paired,,r9-public-1-current.txt
r9,public,current,1,2,14,BenchmarkSessionValidateNamespaceAdmissionChurn/depth_64/churn_false,,BenchmarkSessionValidateNamespaceAdmissionChurn/depth_64/churn_false,8805,26556,32,1,paired,,r9-public-1-current.txt
r9,public,current,1,2,14,BenchmarkSessionValidateNamespaceAdmissionChurn/depth_64/churn_true,,BenchmarkSessionValidateNamespaceAdmissionChurn/depth_64/churn_true,5037,47219,32,1,paired,,r9-public-1-current.txt
r9,public,current,1,2,14,BenchmarkSessionValidateNamespaceAdmissionChurn/depth_256/churn_false,,BenchmarkSessionValidateNamespaceAdmissionChurn/depth_256/churn_false,2338,107052,32,1,paired,,r9-public-1-current.txt
r9,public,current,1,2,14,BenchmarkSessionValidateNamespaceAdmissionChurn/depth_256/churn_true,,BenchmarkSessionValidateNamespaceAdmissionChurn/depth_256/churn_true,1270,195686,32,1,paired,,r9-public-1-current.txt
r9,public,current,1,2,14,BenchmarkSessionValidateRepeatedXSIType,,BenchmarkSessionValidateRepeatedXSIType,2818,86703,32,1,paired,,r9-public-1-current.txt
r9,public,current,1,2,14,BenchmarkSessionValidateIDAttributeStart,,BenchmarkSessionValidateIDAttributeStart,2394,105124,840,101,paired,,r9-public-1-current.txt
r9,public,current,1,2,14,BenchmarkSessionValidateSimpleIDEnd,,BenchmarkSessionValidateSimpleIDEnd,2984,85241,832,101,paired,,r9-public-1-current.txt
r9,public,current,1,2,14,BenchmarkSessionValidateRepeatedQNameValues,,BenchmarkSessionValidateRepeatedQNameValues,3300,72873,32,1,paired,,r9-public-1-current.txt
r9,public,current,1,2,14,BenchmarkSessionValidateRepeatedLaxWildcard,,BenchmarkSessionValidateRepeatedLaxWildcard,187540,1320,32,1,paired,,r9-public-1-current.txt
r9,public,current,1,2,14,BenchmarkSessionValidateStringLengthFacet,,BenchmarkSessionValidateStringLengthFacet,38119,6314,32,1,paired,,r9-public-1-current.txt
r9,public,current,1,2,14,BenchmarkSessionValidateWideChoice,,BenchmarkSessionValidateWideChoice,100,2397007,236,3,paired,,r9-public-1-current.txt
r9,public,current,1,2,14,BenchmarkValidateSubstitutionGroup,,BenchmarkValidateSubstitutionGroup,355,784129,76840,37,paired,,r9-public-1-current.txt
r9,public,current,1,2,14,BenchmarkSessionValidateDateDecimalRows,,BenchmarkSessionValidateDateDecimalRows,1317,173802,33,1,paired,,r9-public-1-current.txt
r9,public,current,1,2,14,BenchmarkValidateSmallInvalidDocument,,BenchmarkValidateSmallInvalidDocument,21748,11014,77096,48,paired,,r9-public-1-current.txt
r9,public,current,1,2,14,BenchmarkValidateManyRecoverablePathErrors,,BenchmarkValidateManyRecoverablePathErrors,2773,90734,110080,627,paired,,r9-public-1-current.txt
r9,public,current,1,2,14,BenchmarkValidateDeeplyNestedDocument,,BenchmarkValidateDeeplyNestedDocument,2355,102031,159456,174,paired,,r9-public-1-current.txt
r9,public,current,1,2,14,BenchmarkSessionValidateDeepThenShallow,,BenchmarkSessionValidateDeepThenShallow,337868,707,32,1,paired,,r9-public-1-current.txt
r9,public,current,1,2,14,BenchmarkValidateDuplicateAttributes,,BenchmarkValidateDuplicateAttributes,681,358853,586985,1083,paired,,r9-public-1-current.txt
r9,public,current,1,2,14,BenchmarkCompileDuplicateSchemaSources,,BenchmarkCompileDuplicateSchemaSources,915,248760,221832,444,paired,,r9-public-1-current.txt
r9,public,current,1,2,14,BenchmarkCompileIncludeGraph,,BenchmarkCompileIncludeGraph,244,921026,767408,3623,paired,,r9-public-1-current.txt
r9,public,current,1,2,14,BenchmarkCompileChameleonTargetFanout/targets_1,,BenchmarkCompileChameleonTargetFanout/targets_1,3288,65185,132584,340,paired,,r9-public-1-current.txt
r9,public,current,1,2,14,BenchmarkCompileChameleonTargetFanout/targets_8,,BenchmarkCompileChameleonTargetFanout/targets_8,1840,130826,197880,696,paired,,r9-public-1-current.txt
r9,public,current,1,2,14,BenchmarkCompileChameleonTargetFanout/targets_32,,BenchmarkCompileChameleonTargetFanout/targets_32,676,362682,427257,1703,paired,,r9-public-1-current.txt
r9,public,current,1,2,14,BenchmarkCompileSchemaText,,BenchmarkCompileSchemaText,644,323898,1379592,282,paired,,r9-public-1-current.txt
r9,public,current,1,2,14,BenchmarkValidateIdentityConstraints,,BenchmarkValidateIdentityConstraints,849,298056,167120,501,paired,,r9-public-1-current.txt
r9,public,current,1,2,14,BenchmarkValidateIdentityConstraintsRows/rows_10,,BenchmarkValidateIdentityConstraintsRows/rows_10,6067,38752,86512,114,paired,,r9-public-1-current.txt
r9,public,current,1,2,14,BenchmarkValidateIdentityConstraintsRows/rows_100,,BenchmarkValidateIdentityConstraintsRows/rows_100,872,287252,167120,501,paired,,r9-public-1-current.txt
r9,public,current,1,2,14,BenchmarkValidateIdentityConstraintsRows/rows_1000,,BenchmarkValidateIdentityConstraintsRows/rows_1000,100,2909665,1034969,4626,paired,,r9-public-1-current.txt
r9,public,current,1,2,14,BenchmarkSessionValidateIdentityConstraintsRows/rows_10,,BenchmarkSessionValidateIdentityConstraintsRows/rows_10,10000,25261,4168,42,paired,,r9-public-1-current.txt
r9,public,current,1,2,14,BenchmarkSessionValidateIdentityConstraintsRows/rows_100,,BenchmarkSessionValidateIdentityConstraintsRows/rows_100,997,243614,37711,321,paired,,r9-public-1-current.txt
r9,public,current,1,2,14,BenchmarkSessionValidateIdentityConstraintsRows/rows_1000,,BenchmarkSessionValidateIdentityConstraintsRows/rows_1000,100,2531524,445182,4016,paired,,r9-public-1-current.txt
r9,public,current,1,2,14,BenchmarkValidateIdentityConstraintsFields/fields_1,,BenchmarkValidateIdentityConstraintsFields/fields_1,1416,166858,119648,363,paired,,r9-public-1-current.txt
r9,public,current,1,2,14,BenchmarkValidateIdentityConstraintsFields/fields_3,,BenchmarkValidateIdentityConstraintsFields/fields_3,823,291539,153920,876,paired,,r9-public-1-current.txt
r9,public,current,1,2,14,BenchmarkValidateIdentityConstraintsFields/fields_8,,BenchmarkValidateIdentityConstraintsFields/fields_8,403,598334,208696,1891,paired,,r9-public-1-current.txt
r9,public,current,1,2,14,BenchmarkSessionValidateNestedIdentitySelections/depth_16,,BenchmarkSessionValidateNestedIdentitySelections/depth_16,8122,29924,4121,27,paired,,r9-public-1-current.txt
r9,public,current,1,2,14,BenchmarkSessionValidateNestedIdentitySelections/depth_64,,BenchmarkSessionValidateNestedIdentitySelections/depth_64,1486,173690,17154,79,paired,,r9-public-1-current.txt
r9,public,current,1,2,14,BenchmarkSessionValidateNestedIdentitySelections/depth_256,,BenchmarkSessionValidateNestedIdentitySelections/depth_256,159,1489570,70562,277,paired,,r9-public-1-current.txt
r9,public,current,1,2,14,BenchmarkSessionValidateNestedIdentitySelectionPaths,,BenchmarkSessionValidateNestedIdentitySelectionPaths,843,288459,131244,3,paired,,r9-public-1-current.txt
r9,public,current,1,2,14,BenchmarkSessionValidateRetainedIdentityPaths,,BenchmarkSessionValidateRetainedIdentityPaths,100,2918518,650621,4018,paired,,r9-public-1-current.txt
r9,public,current,1,2,14,BenchmarkSessionValidateDisjointIdentityPaths/lexical,,BenchmarkSessionValidateDisjointIdentityPaths/lexical,14,16100637,176889,281,paired,,r9-public-1-current.txt
r9,public,current,1,2,14,BenchmarkSessionValidateDisjointIdentityPaths/expanded,,BenchmarkSessionValidateDisjointIdentityPaths/expanded,8,28181245,155217,302,paired,,r9-public-1-current.txt
r9,public,current,1,2,14,BenchmarkSessionValidateDisjointIdentityPaths/expanded_distinct_namespaces,,BenchmarkSessionValidateDisjointIdentityPaths/expanded_distinct_namespaces,6,37891820,3341497,32909,paired,,r9-public-1-current.txt
r9,public,current,1,2,14,BenchmarkSessionValidateDisjointIdentityPaths/expanded_distinct_control,,BenchmarkSessionValidateDisjointIdentityPaths/expanded_distinct_control,6,34425431,543938,32357,paired,,r9-public-1-current.txt
r9,public,current,1,2,14,BenchmarkSessionValidateExpandedIdentityPaths,,BenchmarkSessionValidateExpandedIdentityPaths,130,1837282,358645,2521,paired,,r9-public-1-current.txt
r9,public,current,1,2,14,BenchmarkSessionValidateSharedExpandedIdentityPrefix/identity,,BenchmarkSessionValidateSharedExpandedIdentityPrefix/identity,13,18714176,4736334,19735,paired,,r9-public-1-current.txt
r9,public,current,1,2,14,BenchmarkSessionValidateSharedExpandedIdentityPrefix/control,,BenchmarkSessionValidateSharedExpandedIdentityPrefix/control,21,11244562,4286,11,paired,,r9-public-1-current.txt
r9,public,current,1,2,14,BenchmarkCompileCountedChoiceDFA/small,,BenchmarkCompileCountedChoiceDFA/small,2534,88354,165144,661,paired,,r9-public-1-current.txt
r9,public,current,1,2,14,BenchmarkCompileCountedChoiceDFA/medium,,BenchmarkCompileCountedChoiceDFA/medium,1752,144500,231732,1263,paired,,r9-public-1-current.txt
r9,public,current,1,2,14,BenchmarkCompileCountedChoiceDFA/large,,BenchmarkCompileCountedChoiceDFA/large,1006,236514,331769,2149,paired,,r9-public-1-current.txt
r9,public,current,1,2,14,BenchmarkCompileSubstitutionGroups,,BenchmarkCompileSubstitutionGroups,327,725052,547112,1547,paired,,r9-public-1-current.txt
r9,public,current,1,2,14,BenchmarkCompileAttributeGroupFanout/refs_1,,BenchmarkCompileAttributeGroupFanout/refs_1,3336,62195,133536,338,paired,,r9-public-1-current.txt
r9,public,current,1,2,14,BenchmarkCompileAttributeGroupFanout/refs_10,,BenchmarkCompileAttributeGroupFanout/refs_10,2140,115644,172216,644,paired,,r9-public-1-current.txt
r9,public,current,1,2,14,BenchmarkCompileAttributeGroupFanout/refs_100,,BenchmarkCompileAttributeGroupFanout/refs_100,351,685417,611144,3092,paired,,r9-public-1-current.txt
r9,public,current,1,2,14,BenchmarkCompileAttributeGroupFanout/refs_1000,,BenchmarkCompileAttributeGroupFanout/refs_1000,34,7089939,5125013,27428,paired,,r9-public-1-current.txt
r9,public,current,1,2,14,BenchmarkCompileRegexCategoryEscapes,,BenchmarkCompileRegexCategoryEscapes,96,2736214,8319184,5415,paired,,r9-public-1-current.txt
r9,public,current,1,2,14,BenchmarkCompileDeepSimpleTypeChain,,BenchmarkCompileDeepSimpleTypeChain,63,4401634,2369619,12899,paired,,r9-public-1-current.txt
r9,public,current,1,2,14,BenchmarkCompileRepeatedNestedUnionMembers,,BenchmarkCompileRepeatedNestedUnionMembers,194,1225958,810960,5228,paired,,r9-public-1-current.txt
r9,public,current,1,2,14,BenchmarkCompileOpaqueAnnotationPayload,,BenchmarkCompileOpaqueAnnotationPayload,255,913754,258192,1279,paired,,r9-public-1-current.txt
r9,public,current,1,2,14,BenchmarkSessionValidateUndeclaredRootXSIType,,BenchmarkSessionValidateUndeclaredRootXSIType,165651,1432,32,1,paired,,r9-public-1-current.txt
r9,public,current,1,2,14,BenchmarkCompileSourceDocuments/distinct,,BenchmarkCompileSourceDocuments/distinct,349,686624,690856,3029,paired,,r9-public-1-current.txt
r9,public,current,1,2,14,BenchmarkCompileSourceDocuments/duplicate_identity,,BenchmarkCompileSourceDocuments/duplicate_identity,169,1430421,1232711,5887,paired,,r9-public-1-current.txt
r9,public,current,1,2,14,BenchmarkCompileStreamingSource/4096B,,BenchmarkCompileStreamingSource/4096B,2986,74837,125776,275,paired,,r9-public-1-current.txt
r9,public,current,1,2,14,BenchmarkCompileStreamingSource/1048576B,,BenchmarkCompileStreamingSource/1048576B,38,6036001,125776,275,paired,,r9-public-1-current.txt
r9,public,current,1,2,14,BenchmarkCompileStreamingSource/16777216B,,BenchmarkCompileStreamingSource/16777216B,3,95826555,125776,275,paired,,r9-public-1-current.txt
r9,public,current,1,2,14,BenchmarkSessionValidateUnionLateMember,,BenchmarkSessionValidateUnionLateMember,1573,160295,32,1,paired,matching public API workload added in both snapshots,r9-public-1-current.txt
r9,public,baseline,2,3,16,BenchmarkSessionValidateAllContent/4,,BenchmarkSessionValidateAllContent/4,82912,2805,0,0,paired,,r9-public-2-baseline.txt
r9,public,baseline,2,3,16,BenchmarkSessionValidateAllContent/16,,BenchmarkSessionValidateAllContent/16,22238,10828,0,0,paired,,r9-public-2-baseline.txt
r9,public,baseline,2,3,16,BenchmarkSessionValidateAllContent/64,,BenchmarkSessionValidateAllContent/64,4666,53626,0,0,paired,,r9-public-2-baseline.txt
r9,public,baseline,2,3,16,BenchmarkSessionValidateAllContent/256,,BenchmarkSessionValidateAllContent/256,595,401221,0,0,paired,,r9-public-2-baseline.txt
r9,public,baseline,2,3,16,BenchmarkSessionValidateAllContent/1024,,BenchmarkSessionValidateAllContent/1024,52,4438494,1960,513,paired,,r9-public-2-baseline.txt
r9,public,baseline,2,3,16,BenchmarkCompileSmallSchema,,BenchmarkCompileSmallSchema,1227,190994,206075,625,paired,,r9-public-2-baseline.txt
r9,public,baseline,2,3,16,BenchmarkCompileAndFirstSession,,BenchmarkCompileAndFirstSession,1232,202346,279815,627,paired,,r9-public-2-baseline.txt
r9,public,baseline,2,3,16,BenchmarkValidateRepeatedSmallDocument,,BenchmarkValidateRepeatedSmallDocument,776,316093,76808,38,paired,,r9-public-2-baseline.txt
r9,public,baseline,2,3,16,BenchmarkSessionValidateRepeatedSmallDocument,,BenchmarkSessionValidateRepeatedSmallDocument,856,282098,35,1,paired,,r9-public-2-baseline.txt
r9,public,baseline,2,3,16,BenchmarkSessionValidateNamespaceAdmissionChurn/depth_16/churn_false,,BenchmarkSessionValidateNamespaceAdmissionChurn/depth_16/churn_false,30326,7986,32,1,paired,,r9-public-2-baseline.txt
r9,public,baseline,2,3,16,BenchmarkSessionValidateNamespaceAdmissionChurn/depth_16/churn_true,,BenchmarkSessionValidateNamespaceAdmissionChurn/depth_16/churn_true,17739,13466,32,1,paired,,r9-public-2-baseline.txt
r9,public,baseline,2,3,16,BenchmarkSessionValidateNamespaceAdmissionChurn/depth_64/churn_false,,BenchmarkSessionValidateNamespaceAdmissionChurn/depth_64/churn_false,7754,30392,32,1,paired,,r9-public-2-baseline.txt
r9,public,baseline,2,3,16,BenchmarkSessionValidateNamespaceAdmissionChurn/depth_64/churn_true,,BenchmarkSessionValidateNamespaceAdmissionChurn/depth_64/churn_true,4646,51440,32,1,paired,,r9-public-2-baseline.txt
r9,public,baseline,2,3,16,BenchmarkSessionValidateNamespaceAdmissionChurn/depth_256/churn_false,,BenchmarkSessionValidateNamespaceAdmissionChurn/depth_256/churn_false,2053,121369,32,1,paired,,r9-public-2-baseline.txt
r9,public,baseline,2,3,16,BenchmarkSessionValidateNamespaceAdmissionChurn/depth_256/churn_true,,BenchmarkSessionValidateNamespaceAdmissionChurn/depth_256/churn_true,1114,214946,32,1,paired,,r9-public-2-baseline.txt
r9,public,baseline,2,3,16,BenchmarkSessionValidateRepeatedXSIType,,BenchmarkSessionValidateRepeatedXSIType,2614,92311,33,1,paired,,r9-public-2-baseline.txt
r9,public,baseline,2,3,16,BenchmarkSessionValidateIDAttributeStart,,BenchmarkSessionValidateIDAttributeStart,1885,129540,840,101,paired,,r9-public-2-baseline.txt
r9,public,baseline,2,3,16,BenchmarkSessionValidateSimpleIDEnd,,BenchmarkSessionValidateSimpleIDEnd,2040,110960,832,101,paired,,r9-public-2-baseline.txt
r9,public,baseline,2,3,16,BenchmarkSessionValidateRepeatedQNameValues,,BenchmarkSessionValidateRepeatedQNameValues,1377,168552,33,1,paired,,r9-public-2-baseline.txt
r9,public,baseline,2,3,16,BenchmarkSessionValidateRepeatedLaxWildcard,,BenchmarkSessionValidateRepeatedLaxWildcard,176272,1370,32,1,paired,,r9-public-2-baseline.txt
r9,public,baseline,2,3,16,BenchmarkSessionValidateStringLengthFacet,,BenchmarkSessionValidateStringLengthFacet,24366,9841,32,1,paired,,r9-public-2-baseline.txt
r9,public,baseline,2,3,16,BenchmarkSessionValidateWideChoice,,BenchmarkSessionValidateWideChoice,87,2708291,405,5,paired,,r9-public-2-baseline.txt
r9,public,baseline,2,3,16,BenchmarkValidateSubstitutionGroup,,BenchmarkValidateSubstitutionGroup,327,713316,78272,60,paired,,r9-public-2-baseline.txt
r9,public,baseline,2,3,16,BenchmarkSessionValidateDateDecimalRows,,BenchmarkSessionValidateDateDecimalRows,1234,193676,34,1,paired,,r9-public-2-baseline.txt
r9,public,baseline,2,3,16,BenchmarkValidateSmallInvalidDocument,,BenchmarkValidateSmallInvalidDocument,17030,13999,77840,59,paired,,r9-public-2-baseline.txt
r9,public,baseline,2,3,16,BenchmarkValidateManyRecoverablePathErrors,,BenchmarkValidateManyRecoverablePathErrors,2499,99702,110352,631,paired,,r9-public-2-baseline.txt
r9,public,baseline,2,3,16,BenchmarkValidateDeeplyNestedDocument,,BenchmarkValidateDeeplyNestedDocument,2034,117650,184288,311,paired,,r9-public-2-baseline.txt
r9,public,baseline,2,3,16,BenchmarkSessionValidateDeepThenShallow,,BenchmarkSessionValidateDeepThenShallow,322758,744,32,1,paired,,r9-public-2-baseline.txt
r9,public,baseline,2,3,16,BenchmarkValidateDuplicateAttributes,,BenchmarkValidateDuplicateAttributes,693,355716,612000,1604,paired,,r9-public-2-baseline.txt
r9,public,baseline,2,3,16,BenchmarkCompileDuplicateSchemaSources,,BenchmarkCompileDuplicateSchemaSources,486,485778,1236932,894,paired,,r9-public-2-baseline.txt
r9,public,baseline,2,3,16,BenchmarkCompileIncludeGraph,,BenchmarkCompileIncludeGraph,157,1537080,7037041,6812,paired,,r9-public-2-baseline.txt
r9,public,baseline,2,3,16,BenchmarkCompileChameleonTargetFanout/targets_1,,BenchmarkCompileChameleonTargetFanout/targets_1,1424,160480,312904,489,paired,,r9-public-2-baseline.txt
r9,public,baseline,2,3,16,BenchmarkCompileChameleonTargetFanout/targets_8,,BenchmarkCompileChameleonTargetFanout/targets_8,852,281804,903504,1143,paired,,r9-public-2-baseline.txt
r9,public,baseline,2,3,16,BenchmarkCompileChameleonTargetFanout/targets_32,,BenchmarkCompileChameleonTargetFanout/targets_32,343,681767,2923409,3181,paired,,r9-public-2-baseline.txt
r9,public,baseline,2,3,16,BenchmarkCompileSchemaText,,BenchmarkCompileSchemaText,766,309169,1140336,360,paired,,r9-public-2-baseline.txt
r9,public,baseline,2,3,16,BenchmarkValidateIdentityConstraints,,BenchmarkValidateIdentityConstraints,796,304546,172344,610,paired,,r9-public-2-baseline.txt
r9,public,baseline,2,3,16,BenchmarkValidateIdentityConstraintsRows/rows_10,,BenchmarkValidateIdentityConstraintsRows/rows_10,6007,40888,87048,130,paired,,r9-public-2-baseline.txt
r9,public,baseline,2,3,16,BenchmarkValidateIdentityConstraintsRows/rows_100,,BenchmarkValidateIdentityConstraintsRows/rows_100,813,310651,172344,610,paired,,r9-public-2-baseline.txt
r9,public,baseline,2,3,16,BenchmarkValidateIdentityConstraintsRows/rows_1000,,BenchmarkValidateIdentityConstraintsRows/rows_1000,94,3017537,1057826,5149,paired,,r9-public-2-baseline.txt
r9,public,baseline,2,3,16,BenchmarkSessionValidateIdentityConstraintsRows/rows_10,,BenchmarkSessionValidateIdentityConstraintsRows/rows_10,9967,27626,4168,42,paired,,r9-public-2-baseline.txt
r9,public,baseline,2,3,16,BenchmarkSessionValidateIdentityConstraintsRows/rows_100,,BenchmarkSessionValidateIdentityConstraintsRows/rows_100,1012,262545,37716,321,paired,,r9-public-2-baseline.txt
r9,public,baseline,2,3,16,BenchmarkSessionValidateIdentityConstraintsRows/rows_1000,,BenchmarkSessionValidateIdentityConstraintsRows/rows_1000,99,2724522,445464,4021,paired,,r9-public-2-baseline.txt
r9,public,baseline,2,3,16,BenchmarkValidateIdentityConstraintsFields/fields_1,,BenchmarkValidateIdentityConstraintsFields/fields_1,1378,183475,124920,473,paired,,r9-public-2-baseline.txt
r9,public,baseline,2,3,16,BenchmarkValidateIdentityConstraintsFields/fields_3,,BenchmarkValidateIdentityConstraintsFields/fields_3,717,337678,165816,1190,paired,,r9-public-2-baseline.txt
r9,public,baseline,2,3,16,BenchmarkValidateIdentityConstraintsFields/fields_8,,BenchmarkValidateIdentityConstraintsFields/fields_8,331,740401,232080,2424,paired,,r9-public-2-baseline.txt
r9,public,baseline,2,3,16,BenchmarkSessionValidateNestedIdentitySelections/depth_16,,BenchmarkSessionValidateNestedIdentitySelections/depth_16,7920,32230,4122,27,paired,,r9-public-2-baseline.txt
r9,public,baseline,2,3,16,BenchmarkSessionValidateNestedIdentitySelections/depth_64,,BenchmarkSessionValidateNestedIdentitySelections/depth_64,1396,184739,17165,79,paired,,r9-public-2-baseline.txt
r9,public,baseline,2,3,16,BenchmarkSessionValidateNestedIdentitySelections/depth_256,,BenchmarkSessionValidateNestedIdentitySelections/depth_256,139,1751587,71102,279,paired,,r9-public-2-baseline.txt
r9,public,baseline,2,3,16,BenchmarkSessionValidateNestedIdentitySelectionPaths,,BenchmarkSessionValidateNestedIdentitySelectionPaths,805,297123,131261,3,paired,,r9-public-2-baseline.txt
r9,public,baseline,2,3,16,BenchmarkSessionValidateRetainedIdentityPaths,,BenchmarkSessionValidateRetainedIdentityPaths,82,3218247,652187,4025,paired,,r9-public-2-baseline.txt
r9,public,baseline,2,3,16,BenchmarkSessionValidateDisjointIdentityPaths/lexical,,BenchmarkSessionValidateDisjointIdentityPaths/lexical,12,18483903,181640,307,paired,,r9-public-2-baseline.txt
r9,public,baseline,2,3,16,BenchmarkSessionValidateDisjointIdentityPaths/expanded,,BenchmarkSessionValidateDisjointIdentityPaths/expanded,7,28953238,163123,348,paired,,r9-public-2-baseline.txt
r9,public,baseline,2,3,16,BenchmarkSessionValidateDisjointIdentityPaths/expanded_distinct_namespaces,,BenchmarkSessionValidateDisjointIdentityPaths/expanded_distinct_namespaces,6,40550798,3348497,32998,paired,,r9-public-2-baseline.txt
r9,public,baseline,2,3,16,BenchmarkSessionValidateDisjointIdentityPaths/expanded_distinct_control,,BenchmarkSessionValidateDisjointIdentityPaths/expanded_distinct_control,6,35319556,550936,32445,paired,,r9-public-2-baseline.txt
r9,public,baseline,2,3,16,BenchmarkSessionValidateExpandedIdentityPaths,,BenchmarkSessionValidateExpandedIdentityPaths,122,1968834,359036,2526,paired,,r9-public-2-baseline.txt
r9,public,baseline,2,3,16,BenchmarkSessionValidateSharedExpandedIdentityPrefix/identity,,BenchmarkSessionValidateSharedExpandedIdentityPrefix/identity,10,20629504,4743599,19811,paired,,r9-public-2-baseline.txt
r9,public,baseline,2,3,16,BenchmarkSessionValidateSharedExpandedIdentityPrefix/control,,BenchmarkSessionValidateSharedExpandedIdentityPrefix/control,20,11492604,5249,19,paired,,r9-public-2-baseline.txt
r9,public,baseline,2,3,16,BenchmarkCompileCountedChoiceDFA/small,,BenchmarkCompileCountedChoiceDFA/small,1371,175882,193329,752,paired,,r9-public-2-baseline.txt
r9,public,baseline,2,3,16,BenchmarkCompileCountedChoiceDFA/medium,,BenchmarkCompileCountedChoiceDFA/medium,1010,246547,259461,1402,paired,,r9-public-2-baseline.txt
r9,public,baseline,2,3,16,BenchmarkCompileCountedChoiceDFA/large,,BenchmarkCompileCountedChoiceDFA/large,644,372926,360035,2331,paired,,r9-public-2-baseline.txt
r9,public,baseline,2,3,16,BenchmarkCompileSubstitutionGroups,,BenchmarkCompileSubstitutionGroups,339,712922,460032,1621,paired,,r9-public-2-baseline.txt
r9,public,baseline,2,3,16,BenchmarkCompileAttributeGroupFanout/refs_1,,BenchmarkCompileAttributeGroupFanout/refs_1,1687,142293,164816,416,paired,,r9-public-2-baseline.txt
r9,public,baseline,2,3,16,BenchmarkCompileAttributeGroupFanout/refs_10,,BenchmarkCompileAttributeGroupFanout/refs_10,1224,198997,204440,756,paired,,r9-public-2-baseline.txt
r9,public,baseline,2,3,16,BenchmarkCompileAttributeGroupFanout/refs_100,,BenchmarkCompileAttributeGroupFanout/refs_100,304,786959,655064,3564,paired,,r9-public-2-baseline.txt
r9,public,baseline,2,3,16,BenchmarkCompileAttributeGroupFanout/refs_1000,,BenchmarkCompileAttributeGroupFanout/refs_1000,37,6996901,5075472,30004,paired,,r9-public-2-baseline.txt
r9,public,baseline,2,3,16,BenchmarkCompileRegexCategoryEscapes,,BenchmarkCompileRegexCategoryEscapes,84,3013773,6693492,9768,paired,,r9-public-2-baseline.txt
r9,public,baseline,2,3,16,BenchmarkCompileDeepSimpleTypeChain,,BenchmarkCompileDeepSimpleTypeChain,27,8737463,2268158,8478,paired,,r9-public-2-baseline.txt
r9,public,baseline,2,3,16,BenchmarkCompileRepeatedNestedUnionMembers,,BenchmarkCompileRepeatedNestedUnionMembers,201,1178954,830432,4784,paired,,r9-public-2-baseline.txt
r9,public,baseline,2,3,16,BenchmarkCompileOpaqueAnnotationPayload,,BenchmarkCompileOpaqueAnnotationPayload,210,1114047,361384,2874,paired,,r9-public-2-baseline.txt
r9,public,baseline,2,3,16,BenchmarkSessionValidateUndeclaredRootXSIType,,BenchmarkSessionValidateUndeclaredRootXSIType,167146,1534,32,1,paired,,r9-public-2-baseline.txt
r9,public,baseline,2,3,16,BenchmarkCompileSourceDocuments/distinct,,BenchmarkCompileSourceDocuments/distinct,147,1610957,10181558,8054,paired,,r9-public-2-baseline.txt
r9,public,baseline,2,3,16,BenchmarkCompileSourceDocuments/duplicate_identity,,BenchmarkCompileSourceDocuments/duplicate_identity,100,2496962,10625095,13699,paired,,r9-public-2-baseline.txt
r9,public,baseline,2,3,16,BenchmarkCompileStreamingSource/4096B,,BenchmarkCompileStreamingSource/4096B,1209,199631,166840,361,paired,,r9-public-2-baseline.txt
r9,public,baseline,2,3,16,BenchmarkCompileStreamingSource/1048576B,,BenchmarkCompileStreamingSource/1048576B,14,15610193,2384441,376,paired,,r9-public-2-baseline.txt
r9,public,baseline,2,3,16,BenchmarkCompileStreamingSource/16777216B,,BenchmarkCompileStreamingSource/16777216B,1,241272041,36381256,383,paired,,r9-public-2-baseline.txt
r9,public,baseline,2,3,16,BenchmarkSessionValidateUnionLateMember,,BenchmarkSessionValidateUnionLateMember,1456,172450,32,1,paired,matching public API workload added in both snapshots,r9-public-2-baseline.txt
r9,public,current,2,4,15,BenchmarkSessionValidateAllContent/4,,BenchmarkSessionValidateAllContent/4,94560,2488,0,0,paired,,r9-public-2-current.txt
r9,public,current,2,4,15,BenchmarkSessionValidateAllContent/16,,BenchmarkSessionValidateAllContent/16,28255,8568,0,0,paired,,r9-public-2-current.txt
r9,public,current,2,4,15,BenchmarkSessionValidateAllContent/64,,BenchmarkSessionValidateAllContent/64,7384,33237,0,0,paired,,r9-public-2-current.txt
r9,public,current,2,4,15,BenchmarkSessionValidateAllContent/256,,BenchmarkSessionValidateAllContent/256,1782,132094,0,0,paired,,r9-public-2-current.txt
r9,public,current,2,4,15,BenchmarkSessionValidateAllContent/1024,,BenchmarkSessionValidateAllContent/1024,417,555478,1960,513,paired,,r9-public-2-current.txt
r9,public,current,2,4,15,BenchmarkCompileSmallSchema,,BenchmarkCompileSmallSchema,2257,110544,198809,569,paired,,r9-public-2-current.txt
r9,public,current,2,4,15,BenchmarkCompileAndFirstSession,,BenchmarkCompileAndFirstSession,2256,121005,272549,571,paired,,r9-public-2-current.txt
r9,public,current,2,4,15,BenchmarkValidateRepeatedSmallDocument,,BenchmarkValidateRepeatedSmallDocument,602,372432,76080,28,paired,,r9-public-2-current.txt
r9,public,current,2,4,15,BenchmarkSessionValidateRepeatedSmallDocument,,BenchmarkSessionValidateRepeatedSmallDocument,918,263637,34,1,paired,,r9-public-2-current.txt
r9,public,current,2,4,15,BenchmarkSessionValidateNamespaceAdmissionChurn/depth_16/churn_false,,BenchmarkSessionValidateNamespaceAdmissionChurn/depth_16/churn_false,35293,6862,32,1,paired,,r9-public-2-current.txt
r9,public,current,2,4,15,BenchmarkSessionValidateNamespaceAdmissionChurn/depth_16/churn_true,,BenchmarkSessionValidateNamespaceAdmissionChurn/depth_16/churn_true,19052,12576,32,1,paired,,r9-public-2-current.txt
r9,public,current,2,4,15,BenchmarkSessionValidateNamespaceAdmissionChurn/depth_64/churn_false,,BenchmarkSessionValidateNamespaceAdmissionChurn/depth_64/churn_false,8540,28924,32,1,paired,,r9-public-2-current.txt
r9,public,current,2,4,15,BenchmarkSessionValidateNamespaceAdmissionChurn/depth_64/churn_true,,BenchmarkSessionValidateNamespaceAdmissionChurn/depth_64/churn_true,4674,49474,32,1,paired,,r9-public-2-current.txt
r9,public,current,2,4,15,BenchmarkSessionValidateNamespaceAdmissionChurn/depth_256/churn_false,,BenchmarkSessionValidateNamespaceAdmissionChurn/depth_256/churn_false,2130,109320,32,1,paired,,r9-public-2-current.txt
r9,public,current,2,4,15,BenchmarkSessionValidateNamespaceAdmissionChurn/depth_256/churn_true,,BenchmarkSessionValidateNamespaceAdmissionChurn/depth_256/churn_true,1192,195151,32,1,paired,,r9-public-2-current.txt
r9,public,current,2,4,15,BenchmarkSessionValidateRepeatedXSIType,,BenchmarkSessionValidateRepeatedXSIType,2964,82128,32,1,paired,,r9-public-2-current.txt
r9,public,current,2,4,15,BenchmarkSessionValidateIDAttributeStart,,BenchmarkSessionValidateIDAttributeStart,2494,98418,840,101,paired,,r9-public-2-current.txt
r9,public,current,2,4,15,BenchmarkSessionValidateSimpleIDEnd,,BenchmarkSessionValidateSimpleIDEnd,2895,86916,832,101,paired,,r9-public-2-current.txt
r9,public,current,2,4,15,BenchmarkSessionValidateRepeatedQNameValues,,BenchmarkSessionValidateRepeatedQNameValues,3232,76665,32,1,paired,,r9-public-2-current.txt
r9,public,current,2,4,15,BenchmarkSessionValidateRepeatedLaxWildcard,,BenchmarkSessionValidateRepeatedLaxWildcard,174950,1355,32,1,paired,,r9-public-2-current.txt
r9,public,current,2,4,15,BenchmarkSessionValidateStringLengthFacet,,BenchmarkSessionValidateStringLengthFacet,38031,6297,32,1,paired,,r9-public-2-current.txt
r9,public,current,2,4,15,BenchmarkSessionValidateWideChoice,,BenchmarkSessionValidateWideChoice,100,2412633,236,3,paired,,r9-public-2-current.txt
r9,public,current,2,4,15,BenchmarkValidateSubstitutionGroup,,BenchmarkValidateSubstitutionGroup,355,661263,76840,37,paired,,r9-public-2-current.txt
r9,public,current,2,4,15,BenchmarkSessionValidateDateDecimalRows,,BenchmarkSessionValidateDateDecimalRows,1458,166505,33,1,paired,,r9-public-2-current.txt
r9,public,current,2,4,15,BenchmarkValidateSmallInvalidDocument,,BenchmarkValidateSmallInvalidDocument,22792,10718,77096,48,paired,,r9-public-2-current.txt
r9,public,current,2,4,15,BenchmarkValidateManyRecoverablePathErrors,,BenchmarkValidateManyRecoverablePathErrors,2662,95839,110080,627,paired,,r9-public-2-current.txt
r9,public,current,2,4,15,BenchmarkValidateDeeplyNestedDocument,,BenchmarkValidateDeeplyNestedDocument,2217,107351,159456,174,paired,,r9-public-2-current.txt
r9,public,current,2,4,15,BenchmarkSessionValidateDeepThenShallow,,BenchmarkSessionValidateDeepThenShallow,337900,706.1,32,1,paired,,r9-public-2-current.txt
r9,public,current,2,4,15,BenchmarkValidateDuplicateAttributes,,BenchmarkValidateDuplicateAttributes,670,369612,586985,1083,paired,,r9-public-2-current.txt
r9,public,current,2,4,15,BenchmarkCompileDuplicateSchemaSources,,BenchmarkCompileDuplicateSchemaSources,901,244455,221832,444,paired,,r9-public-2-current.txt
r9,public,current,2,4,15,BenchmarkCompileIncludeGraph,,BenchmarkCompileIncludeGraph,288,829586,767409,3623,paired,,r9-public-2-current.txt
r9,public,current,2,4,15,BenchmarkCompileChameleonTargetFanout/targets_1,,BenchmarkCompileChameleonTargetFanout/targets_1,3488,63062,132584,340,paired,,r9-public-2-current.txt
r9,public,current,2,4,15,BenchmarkCompileChameleonTargetFanout/targets_8,,BenchmarkCompileChameleonTargetFanout/targets_8,1966,133971,197880,696,paired,,r9-public-2-current.txt
r9,public,current,2,4,15,BenchmarkCompileChameleonTargetFanout/targets_32,,BenchmarkCompileChameleonTargetFanout/targets_32,627,374415,427257,1703,paired,,r9-public-2-current.txt
r9,public,current,2,4,15,BenchmarkCompileSchemaText,,BenchmarkCompileSchemaText,698,336646,1379592,282,paired,,r9-public-2-current.txt
r9,public,current,2,4,15,BenchmarkValidateIdentityConstraints,,BenchmarkValidateIdentityConstraints,835,282285,167120,501,paired,,r9-public-2-current.txt
r9,public,current,2,4,15,BenchmarkValidateIdentityConstraintsRows/rows_10,,BenchmarkValidateIdentityConstraintsRows/rows_10,6843,35778,86512,114,paired,,r9-public-2-current.txt
r9,public,current,2,4,15,BenchmarkValidateIdentityConstraintsRows/rows_100,,BenchmarkValidateIdentityConstraintsRows/rows_100,873,274541,167120,501,paired,,r9-public-2-current.txt
r9,public,current,2,4,15,BenchmarkValidateIdentityConstraintsRows/rows_1000,,BenchmarkValidateIdentityConstraintsRows/rows_1000,100,2771958,1034969,4626,paired,,r9-public-2-current.txt
r9,public,current,2,4,15,BenchmarkSessionValidateIdentityConstraintsRows/rows_10,,BenchmarkSessionValidateIdentityConstraintsRows/rows_10,10000,25798,4168,42,paired,,r9-public-2-current.txt
r9,public,current,2,4,15,BenchmarkSessionValidateIdentityConstraintsRows/rows_100,,BenchmarkSessionValidateIdentityConstraintsRows/rows_100,1005,251949,37711,321,paired,,r9-public-2-current.txt
r9,public,current,2,4,15,BenchmarkSessionValidateIdentityConstraintsRows/rows_1000,,BenchmarkSessionValidateIdentityConstraintsRows/rows_1000,100,2646857,445181,4016,paired,,r9-public-2-current.txt
r9,public,current,2,4,15,BenchmarkValidateIdentityConstraintsFields/fields_1,,BenchmarkValidateIdentityConstraintsFields/fields_1,1449,166778,119648,363,paired,,r9-public-2-current.txt
r9,public,current,2,4,15,BenchmarkValidateIdentityConstraintsFields/fields_3,,BenchmarkValidateIdentityConstraintsFields/fields_3,859,281368,153920,876,paired,,r9-public-2-current.txt
r9,public,current,2,4,15,BenchmarkValidateIdentityConstraintsFields/fields_8,,BenchmarkValidateIdentityConstraintsFields/fields_8,435,559703,208696,1891,paired,,r9-public-2-current.txt
r9,public,current,2,4,15,BenchmarkSessionValidateNestedIdentitySelections/depth_16,,BenchmarkSessionValidateNestedIdentitySelections/depth_16,9576,28336,4121,27,paired,,r9-public-2-current.txt
r9,public,current,2,4,15,BenchmarkSessionValidateNestedIdentitySelections/depth_64,,BenchmarkSessionValidateNestedIdentitySelections/depth_64,1479,172824,17154,79,paired,,r9-public-2-current.txt
r9,public,current,2,4,15,BenchmarkSessionValidateNestedIdentitySelections/depth_256,,BenchmarkSessionValidateNestedIdentitySelections/depth_256,153,1561093,70626,277,paired,,r9-public-2-current.txt
r9,public,current,2,4,15,BenchmarkSessionValidateNestedIdentitySelectionPaths,,BenchmarkSessionValidateNestedIdentitySelectionPaths,828,299377,131246,3,paired,,r9-public-2-current.txt
r9,public,current,2,4,15,BenchmarkSessionValidateRetainedIdentityPaths,,BenchmarkSessionValidateRetainedIdentityPaths,97,2947008,650802,4018,paired,,r9-public-2-current.txt
r9,public,current,2,4,15,BenchmarkSessionValidateDisjointIdentityPaths/lexical,,BenchmarkSessionValidateDisjointIdentityPaths/lexical,14,15689190,176889,281,paired,,r9-public-2-current.txt
r9,public,current,2,4,15,BenchmarkSessionValidateDisjointIdentityPaths/expanded,,BenchmarkSessionValidateDisjointIdentityPaths/expanded,8,26676385,155217,302,paired,,r9-public-2-current.txt
r9,public,current,2,4,15,BenchmarkSessionValidateDisjointIdentityPaths/expanded_distinct_namespaces,,BenchmarkSessionValidateDisjointIdentityPaths/expanded_distinct_namespaces,6,36274048,3341497,32909,paired,,r9-public-2-current.txt
r9,public,current,2,4,15,BenchmarkSessionValidateDisjointIdentityPaths/expanded_distinct_control,,BenchmarkSessionValidateDisjointIdentityPaths/expanded_distinct_control,6,33858688,543938,32357,paired,,r9-public-2-current.txt
r9,public,current,2,4,15,BenchmarkSessionValidateExpandedIdentityPaths,,BenchmarkSessionValidateExpandedIdentityPaths,122,1948986,358847,2521,paired,,r9-public-2-current.txt
r9,public,current,2,4,15,BenchmarkSessionValidateSharedExpandedIdentityPrefix/identity,,BenchmarkSessionValidateSharedExpandedIdentityPrefix/identity,12,19450510,4737374,19740,paired,,r9-public-2-current.txt
r9,public,current,2,4,15,BenchmarkSessionValidateSharedExpandedIdentityPrefix/control,,BenchmarkSessionValidateSharedExpandedIdentityPrefix/control,20,11452442,4498,12,paired,,r9-public-2-current.txt
r9,public,current,2,4,15,BenchmarkCompileCountedChoiceDFA/small,,BenchmarkCompileCountedChoiceDFA/small,2775,88614,165144,661,paired,,r9-public-2-current.txt
r9,public,current,2,4,15,BenchmarkCompileCountedChoiceDFA/medium,,BenchmarkCompileCountedChoiceDFA/medium,1695,136006,231732,1263,paired,,r9-public-2-current.txt
r9,public,current,2,4,15,BenchmarkCompileCountedChoiceDFA/large,,BenchmarkCompileCountedChoiceDFA/large,1102,220178,331769,2149,paired,,r9-public-2-current.txt
r9,public,current,2,4,15,BenchmarkCompileSubstitutionGroups,,BenchmarkCompileSubstitutionGroups,358,679901,547113,1547,paired,,r9-public-2-current.txt
r9,public,current,2,4,15,BenchmarkCompileAttributeGroupFanout/refs_1,,BenchmarkCompileAttributeGroupFanout/refs_1,3992,59444,133536,338,paired,,r9-public-2-current.txt
r9,public,current,2,4,15,BenchmarkCompileAttributeGroupFanout/refs_10,,BenchmarkCompileAttributeGroupFanout/refs_10,2055,119827,172216,644,paired,,r9-public-2-current.txt
r9,public,current,2,4,15,BenchmarkCompileAttributeGroupFanout/refs_100,,BenchmarkCompileAttributeGroupFanout/refs_100,331,716991,611144,3092,paired,,r9-public-2-current.txt
r9,public,current,2,4,15,BenchmarkCompileAttributeGroupFanout/refs_1000,,BenchmarkCompileAttributeGroupFanout/refs_1000,33,7088340,5125014,27428,paired,,r9-public-2-current.txt
r9,public,current,2,4,15,BenchmarkCompileRegexCategoryEscapes,,BenchmarkCompileRegexCategoryEscapes,81,2755306,8319184,5415,paired,,r9-public-2-current.txt
r9,public,current,2,4,15,BenchmarkCompileDeepSimpleTypeChain,,BenchmarkCompileDeepSimpleTypeChain,63,4172244,2369618,12899,paired,,r9-public-2-current.txt
r9,public,current,2,4,15,BenchmarkCompileRepeatedNestedUnionMembers,,BenchmarkCompileRepeatedNestedUnionMembers,206,1144803,810960,5228,paired,,r9-public-2-current.txt
r9,public,current,2,4,15,BenchmarkCompileOpaqueAnnotationPayload,,BenchmarkCompileOpaqueAnnotationPayload,255,911705,258192,1279,paired,,r9-public-2-current.txt
r9,public,current,2,4,15,BenchmarkSessionValidateUndeclaredRootXSIType,,BenchmarkSessionValidateUndeclaredRootXSIType,151538,1532,32,1,paired,,r9-public-2-current.txt
r9,public,current,2,4,15,BenchmarkCompileSourceDocuments/distinct,,BenchmarkCompileSourceDocuments/distinct,338,712024,690856,3029,paired,,r9-public-2-current.txt
r9,public,current,2,4,15,BenchmarkCompileSourceDocuments/duplicate_identity,,BenchmarkCompileSourceDocuments/duplicate_identity,169,1432406,1232712,5887,paired,,r9-public-2-current.txt
r9,public,current,2,4,15,BenchmarkCompileStreamingSource/4096B,,BenchmarkCompileStreamingSource/4096B,3175,73254,125776,275,paired,,r9-public-2-current.txt
r9,public,current,2,4,15,BenchmarkCompileStreamingSource/1048576B,,BenchmarkCompileStreamingSource/1048576B,40,5732859,125776,275,paired,,r9-public-2-current.txt
r9,public,current,2,4,15,BenchmarkCompileStreamingSource/16777216B,,BenchmarkCompileStreamingSource/16777216B,3,90579361,125776,275,paired,,r9-public-2-current.txt
r9,public,current,2,4,15,BenchmarkSessionValidateUnionLateMember,,BenchmarkSessionValidateUnionLateMember,1550,160906,32,1,paired,matching public API workload added in both snapshots,r9-public-2-current.txt
r9,public,baseline,3,5,17,BenchmarkSessionValidateAllContent/4,,BenchmarkSessionValidateAllContent/4,88017,2727,0,0,paired,,r9-public-3-baseline.txt
r9,public,baseline,3,5,17,BenchmarkSessionValidateAllContent/16,,BenchmarkSessionValidateAllContent/16,23443,10194,0,0,paired,,r9-public-3-baseline.txt
r9,public,baseline,3,5,17,BenchmarkSessionValidateAllContent/64,,BenchmarkSessionValidateAllContent/64,4800,51774,0,0,paired,,r9-public-3-baseline.txt
r9,public,baseline,3,5,17,BenchmarkSessionValidateAllContent/256,,BenchmarkSessionValidateAllContent/256,602,403177,0,0,paired,,r9-public-3-baseline.txt
r9,public,baseline,3,5,17,BenchmarkSessionValidateAllContent/1024,,BenchmarkSessionValidateAllContent/1024,44,4631403,1960,513,paired,,r9-public-3-baseline.txt
r9,public,baseline,3,5,17,BenchmarkCompileSmallSchema,,BenchmarkCompileSmallSchema,1177,199127,206075,625,paired,,r9-public-3-baseline.txt
r9,public,baseline,3,5,17,BenchmarkCompileAndFirstSession,,BenchmarkCompileAndFirstSession,1213,207764,279815,627,paired,,r9-public-3-baseline.txt
r9,public,baseline,3,5,17,BenchmarkValidateRepeatedSmallDocument,,BenchmarkValidateRepeatedSmallDocument,786,304506,76808,38,paired,,r9-public-3-baseline.txt
r9,public,baseline,3,5,17,BenchmarkSessionValidateRepeatedSmallDocument,,BenchmarkSessionValidateRepeatedSmallDocument,885,269164,35,1,paired,,r9-public-3-baseline.txt
r9,public,baseline,3,5,17,BenchmarkSessionValidateNamespaceAdmissionChurn/depth_16/churn_false,,BenchmarkSessionValidateNamespaceAdmissionChurn/depth_16/churn_false,30990,7862,32,1,paired,,r9-public-3-baseline.txt
r9,public,baseline,3,5,17,BenchmarkSessionValidateNamespaceAdmissionChurn/depth_16/churn_true,,BenchmarkSessionValidateNamespaceAdmissionChurn/depth_16/churn_true,17604,13652,32,1,paired,,r9-public-3-baseline.txt
r9,public,baseline,3,5,17,BenchmarkSessionValidateNamespaceAdmissionChurn/depth_64/churn_false,,BenchmarkSessionValidateNamespaceAdmissionChurn/depth_64/churn_false,7920,31318,32,1,paired,,r9-public-3-baseline.txt
r9,public,baseline,3,5,17,BenchmarkSessionValidateNamespaceAdmissionChurn/depth_64/churn_true,,BenchmarkSessionValidateNamespaceAdmissionChurn/depth_64/churn_true,4574,51892,32,1,paired,,r9-public-3-baseline.txt
r9,public,baseline,3,5,17,BenchmarkSessionValidateNamespaceAdmissionChurn/depth_256/churn_false,,BenchmarkSessionValidateNamespaceAdmissionChurn/depth_256/churn_false,2038,120970,32,1,paired,,r9-public-3-baseline.txt
r9,public,baseline,3,5,17,BenchmarkSessionValidateNamespaceAdmissionChurn/depth_256/churn_true,,BenchmarkSessionValidateNamespaceAdmissionChurn/depth_256/churn_true,1106,206653,32,1,paired,,r9-public-3-baseline.txt
r9,public,baseline,3,5,17,BenchmarkSessionValidateRepeatedXSIType,,BenchmarkSessionValidateRepeatedXSIType,2726,88148,33,1,paired,,r9-public-3-baseline.txt
r9,public,baseline,3,5,17,BenchmarkSessionValidateIDAttributeStart,,BenchmarkSessionValidateIDAttributeStart,1980,120900,840,101,paired,,r9-public-3-baseline.txt
r9,public,baseline,3,5,17,BenchmarkSessionValidateSimpleIDEnd,,BenchmarkSessionValidateSimpleIDEnd,2124,110672,832,101,paired,,r9-public-3-baseline.txt
r9,public,baseline,3,5,17,BenchmarkSessionValidateRepeatedQNameValues,,BenchmarkSessionValidateRepeatedQNameValues,1454,171127,33,1,paired,,r9-public-3-baseline.txt
r9,public,baseline,3,5,17,BenchmarkSessionValidateRepeatedLaxWildcard,,BenchmarkSessionValidateRepeatedLaxWildcard,167124,1493,32,1,paired,,r9-public-3-baseline.txt
r9,public,baseline,3,5,17,BenchmarkSessionValidateStringLengthFacet,,BenchmarkSessionValidateStringLengthFacet,23374,10374,32,1,paired,,r9-public-3-baseline.txt
r9,public,baseline,3,5,17,BenchmarkSessionValidateWideChoice,,BenchmarkSessionValidateWideChoice,88,2657328,401,5,paired,,r9-public-3-baseline.txt
r9,public,baseline,3,5,17,BenchmarkValidateSubstitutionGroup,,BenchmarkValidateSubstitutionGroup,345,707846,78272,60,paired,,r9-public-3-baseline.txt
r9,public,baseline,3,5,17,BenchmarkSessionValidateDateDecimalRows,,BenchmarkSessionValidateDateDecimalRows,1299,183276,34,1,paired,,r9-public-3-baseline.txt
r9,public,baseline,3,5,17,BenchmarkValidateSmallInvalidDocument,,BenchmarkValidateSmallInvalidDocument,17343,13956,77840,59,paired,,r9-public-3-baseline.txt
r9,public,baseline,3,5,17,BenchmarkValidateManyRecoverablePathErrors,,BenchmarkValidateManyRecoverablePathErrors,2569,99686,110352,631,paired,,r9-public-3-baseline.txt
r9,public,baseline,3,5,17,BenchmarkValidateDeeplyNestedDocument,,BenchmarkValidateDeeplyNestedDocument,1863,123545,184288,311,paired,,r9-public-3-baseline.txt
r9,public,baseline,3,5,17,BenchmarkSessionValidateDeepThenShallow,,BenchmarkSessionValidateDeepThenShallow,319303,763.7,32,1,paired,,r9-public-3-baseline.txt
r9,public,baseline,3,5,17,BenchmarkValidateDuplicateAttributes,,BenchmarkValidateDuplicateAttributes,662,359469,612000,1604,paired,,r9-public-3-baseline.txt
r9,public,baseline,3,5,17,BenchmarkCompileDuplicateSchemaSources,,BenchmarkCompileDuplicateSchemaSources,517,464573,1236932,894,paired,,r9-public-3-baseline.txt
r9,public,baseline,3,5,17,BenchmarkCompileIncludeGraph,,BenchmarkCompileIncludeGraph,163,1461762,7037042,6812,paired,,r9-public-3-baseline.txt
r9,public,baseline,3,5,17,BenchmarkCompileChameleonTargetFanout/targets_1,,BenchmarkCompileChameleonTargetFanout/targets_1,1539,160290,312904,489,paired,,r9-public-3-baseline.txt
r9,public,baseline,3,5,17,BenchmarkCompileChameleonTargetFanout/targets_8,,BenchmarkCompileChameleonTargetFanout/targets_8,862,278427,903504,1143,paired,,r9-public-3-baseline.txt
r9,public,baseline,3,5,17,BenchmarkCompileChameleonTargetFanout/targets_32,,BenchmarkCompileChameleonTargetFanout/targets_32,330,717863,2923409,3181,paired,,r9-public-3-baseline.txt
r9,public,baseline,3,5,17,BenchmarkCompileSchemaText,,BenchmarkCompileSchemaText,726,325738,1140336,360,paired,,r9-public-3-baseline.txt
r9,public,baseline,3,5,17,BenchmarkValidateIdentityConstraints,,BenchmarkValidateIdentityConstraints,772,307992,172344,610,paired,,r9-public-3-baseline.txt
r9,public,baseline,3,5,17,BenchmarkValidateIdentityConstraintsRows/rows_10,,BenchmarkValidateIdentityConstraintsRows/rows_10,6118,39359,87048,130,paired,,r9-public-3-baseline.txt
r9,public,baseline,3,5,17,BenchmarkValidateIdentityConstraintsRows/rows_100,,BenchmarkValidateIdentityConstraintsRows/rows_100,796,301672,172344,610,paired,,r9-public-3-baseline.txt
r9,public,baseline,3,5,17,BenchmarkValidateIdentityConstraintsRows/rows_1000,,BenchmarkValidateIdentityConstraintsRows/rows_1000,99,2997141,1057825,5149,paired,,r9-public-3-baseline.txt
r9,public,baseline,3,5,17,BenchmarkSessionValidateIdentityConstraintsRows/rows_10,,BenchmarkSessionValidateIdentityConstraintsRows/rows_10,8881,27857,4169,42,paired,,r9-public-3-baseline.txt
r9,public,baseline,3,5,17,BenchmarkSessionValidateIdentityConstraintsRows/rows_100,,BenchmarkSessionValidateIdentityConstraintsRows/rows_100,903,275966,37723,321,paired,,r9-public-3-baseline.txt
r9,public,baseline,3,5,17,BenchmarkSessionValidateIdentityConstraintsRows/rows_1000,,BenchmarkSessionValidateIdentityConstraintsRows/rows_1000,88,2845569,446152,4022,paired,,r9-public-3-baseline.txt
r9,public,baseline,3,5,17,BenchmarkValidateIdentityConstraintsFields/fields_1,,BenchmarkValidateIdentityConstraintsFields/fields_1,1255,186359,124920,473,paired,,r9-public-3-baseline.txt
r9,public,baseline,3,5,17,BenchmarkValidateIdentityConstraintsFields/fields_3,,BenchmarkValidateIdentityConstraintsFields/fields_3,730,326867,165816,1190,paired,,r9-public-3-baseline.txt
r9,public,baseline,3,5,17,BenchmarkValidateIdentityConstraintsFields/fields_8,,BenchmarkValidateIdentityConstraintsFields/fields_8,348,699926,232080,2424,paired,,r9-public-3-baseline.txt
r9,public,baseline,3,5,17,BenchmarkSessionValidateNestedIdentitySelections/depth_16,,BenchmarkSessionValidateNestedIdentitySelections/depth_16,7640,32526,4122,27,paired,,r9-public-3-baseline.txt
r9,public,baseline,3,5,17,BenchmarkSessionValidateNestedIdentitySelections/depth_64,,BenchmarkSessionValidateNestedIdentitySelections/depth_64,1324,189194,17168,79,paired,,r9-public-3-baseline.txt
r9,public,baseline,3,5,17,BenchmarkSessionValidateNestedIdentitySelections/depth_256,,BenchmarkSessionValidateNestedIdentitySelections/depth_256,135,1788654,71167,279,paired,,r9-public-3-baseline.txt
r9,public,baseline,3,5,17,BenchmarkSessionValidateNestedIdentitySelectionPaths,,BenchmarkSessionValidateNestedIdentitySelectionPaths,757,312343,131271,3,paired,,r9-public-3-baseline.txt
r9,public,baseline,3,5,17,BenchmarkSessionValidateRetainedIdentityPaths,,BenchmarkSessionValidateRetainedIdentityPaths,86,3197976,651842,4025,paired,,r9-public-3-baseline.txt
r9,public,baseline,3,5,17,BenchmarkSessionValidateDisjointIdentityPaths/lexical,,BenchmarkSessionValidateDisjointIdentityPaths/lexical,13,17553195,180278,303,paired,,r9-public-3-baseline.txt
r9,public,baseline,3,5,17,BenchmarkSessionValidateDisjointIdentityPaths/expanded,,BenchmarkSessionValidateDisjointIdentityPaths/expanded,8,27961594,159129,337,paired,,r9-public-3-baseline.txt
r9,public,baseline,3,5,17,BenchmarkSessionValidateDisjointIdentityPaths/expanded_distinct_namespaces,,BenchmarkSessionValidateDisjointIdentityPaths/expanded_distinct_namespaces,6,38580500,3348497,32998,paired,,r9-public-3-baseline.txt
r9,public,baseline,3,5,17,BenchmarkSessionValidateDisjointIdentityPaths/expanded_distinct_control,,BenchmarkSessionValidateDisjointIdentityPaths/expanded_distinct_control,6,34739132,550936,32445,paired,,r9-public-3-baseline.txt
r9,public,baseline,3,5,17,BenchmarkSessionValidateExpandedIdentityPaths,,BenchmarkSessionValidateExpandedIdentityPaths,100,2054075,359798,2528,paired,,r9-public-3-baseline.txt
r9,public,baseline,3,5,17,BenchmarkSessionValidateSharedExpandedIdentityPrefix/identity,,BenchmarkSessionValidateSharedExpandedIdentityPrefix/identity,10,21417529,4743596,19811,paired,,r9-public-3-baseline.txt
r9,public,baseline,3,5,17,BenchmarkSessionValidateSharedExpandedIdentityPrefix/control,,BenchmarkSessionValidateSharedExpandedIdentityPrefix/control,20,11795302,5249,19,paired,,r9-public-3-baseline.txt
r9,public,baseline,3,5,17,BenchmarkCompileCountedChoiceDFA/small,,BenchmarkCompileCountedChoiceDFA/small,1298,174373,193329,752,paired,,r9-public-3-baseline.txt
r9,public,baseline,3,5,17,BenchmarkCompileCountedChoiceDFA/medium,,BenchmarkCompileCountedChoiceDFA/medium,1047,238548,259461,1402,paired,,r9-public-3-baseline.txt
r9,public,baseline,3,5,17,BenchmarkCompileCountedChoiceDFA/large,,BenchmarkCompileCountedChoiceDFA/large,507,443638,360035,2331,paired,,r9-public-3-baseline.txt
r9,public,baseline,3,5,17,BenchmarkCompileSubstitutionGroups,,BenchmarkCompileSubstitutionGroups,349,692682,460032,1621,paired,,r9-public-3-baseline.txt
r9,public,baseline,3,5,17,BenchmarkCompileAttributeGroupFanout/refs_1,,BenchmarkCompileAttributeGroupFanout/refs_1,1611,147364,164816,416,paired,,r9-public-3-baseline.txt
r9,public,baseline,3,5,17,BenchmarkCompileAttributeGroupFanout/refs_10,,BenchmarkCompileAttributeGroupFanout/refs_10,1161,206384,204440,756,paired,,r9-public-3-baseline.txt
r9,public,baseline,3,5,17,BenchmarkCompileAttributeGroupFanout/refs_100,,BenchmarkCompileAttributeGroupFanout/refs_100,292,815612,655064,3564,paired,,r9-public-3-baseline.txt
r9,public,baseline,3,5,17,BenchmarkCompileAttributeGroupFanout/refs_1000,,BenchmarkCompileAttributeGroupFanout/refs_1000,37,7135502,5075472,30004,paired,,r9-public-3-baseline.txt
r9,public,baseline,3,5,17,BenchmarkCompileRegexCategoryEscapes,,BenchmarkCompileRegexCategoryEscapes,80,2816300,6693492,9768,paired,,r9-public-3-baseline.txt
r9,public,baseline,3,5,17,BenchmarkCompileDeepSimpleTypeChain,,BenchmarkCompileDeepSimpleTypeChain,31,8520500,2268158,8478,paired,,r9-public-3-baseline.txt
r9,public,baseline,3,5,17,BenchmarkCompileRepeatedNestedUnionMembers,,BenchmarkCompileRepeatedNestedUnionMembers,208,1156882,830432,4784,paired,,r9-public-3-baseline.txt
r9,public,baseline,3,5,17,BenchmarkCompileOpaqueAnnotationPayload,,BenchmarkCompileOpaqueAnnotationPayload,214,1129536,361384,2874,paired,,r9-public-3-baseline.txt
r9,public,baseline,3,5,17,BenchmarkSessionValidateUndeclaredRootXSIType,,BenchmarkSessionValidateUndeclaredRootXSIType,163158,1656,32,1,paired,,r9-public-3-baseline.txt
r9,public,baseline,3,5,17,BenchmarkCompileSourceDocuments/distinct,,BenchmarkCompileSourceDocuments/distinct,139,1699078,10181556,8054,paired,,r9-public-3-baseline.txt
r9,public,baseline,3,5,17,BenchmarkCompileSourceDocuments/duplicate_identity,,BenchmarkCompileSourceDocuments/duplicate_identity,100,2546564,10625096,13699,paired,,r9-public-3-baseline.txt
r9,public,baseline,3,5,17,BenchmarkCompileStreamingSource/4096B,,BenchmarkCompileStreamingSource/4096B,1260,189080,166840,361,paired,,r9-public-3-baseline.txt
r9,public,baseline,3,5,17,BenchmarkCompileStreamingSource/1048576B,,BenchmarkCompileStreamingSource/1048576B,14,14654566,2384441,376,paired,,r9-public-3-baseline.txt
r9,public,baseline,3,5,17,BenchmarkCompileStreamingSource/16777216B,,BenchmarkCompileStreamingSource/16777216B,1,233277083,36381256,383,paired,,r9-public-3-baseline.txt
r9,public,baseline,3,5,17,BenchmarkSessionValidateUnionLateMember,,BenchmarkSessionValidateUnionLateMember,1456,169624,32,1,paired,matching public API workload added in both snapshots,r9-public-3-baseline.txt
r9,public,current,3,6,18,BenchmarkSessionValidateAllContent/4,,BenchmarkSessionValidateAllContent/4,92230,2651,0,0,paired,,r9-public-3-current.txt
r9,public,current,3,6,18,BenchmarkSessionValidateAllContent/16,,BenchmarkSessionValidateAllContent/16,26686,9025,0,0,paired,,r9-public-3-current.txt
r9,public,current,3,6,18,BenchmarkSessionValidateAllContent/64,,BenchmarkSessionValidateAllContent/64,7480,34392,0,0,paired,,r9-public-3-current.txt
r9,public,current,3,6,18,BenchmarkSessionValidateAllContent/256,,BenchmarkSessionValidateAllContent/256,1790,126400,0,0,paired,,r9-public-3-current.txt
r9,public,current,3,6,18,BenchmarkSessionValidateAllContent/1024,,BenchmarkSessionValidateAllContent/1024,456,521609,1960,513,paired,,r9-public-3-current.txt
r9,public,current,3,6,18,BenchmarkCompileSmallSchema,,BenchmarkCompileSmallSchema,2392,101702,198809,569,paired,,r9-public-3-current.txt
r9,public,current,3,6,18,BenchmarkCompileAndFirstSession,,BenchmarkCompileAndFirstSession,2199,108632,272549,571,paired,,r9-public-3-current.txt
r9,public,current,3,6,18,BenchmarkValidateRepeatedSmallDocument,,BenchmarkValidateRepeatedSmallDocument,801,332625,76080,28,paired,,r9-public-3-current.txt
r9,public,current,3,6,18,BenchmarkSessionValidateRepeatedSmallDocument,,BenchmarkSessionValidateRepeatedSmallDocument,866,281762,34,1,paired,,r9-public-3-current.txt
r9,public,current,3,6,18,BenchmarkSessionValidateNamespaceAdmissionChurn/depth_16/churn_false,,BenchmarkSessionValidateNamespaceAdmissionChurn/depth_16/churn_false,32695,7291,32,1,paired,,r9-public-3-current.txt
r9,public,current,3,6,18,BenchmarkSessionValidateNamespaceAdmissionChurn/depth_16/churn_true,,BenchmarkSessionValidateNamespaceAdmissionChurn/depth_16/churn_true,18835,13254,32,1,paired,,r9-public-3-current.txt
r9,public,current,3,6,18,BenchmarkSessionValidateNamespaceAdmissionChurn/depth_64/churn_false,,BenchmarkSessionValidateNamespaceAdmissionChurn/depth_64/churn_false,8425,27995,32,1,paired,,r9-public-3-current.txt
r9,public,current,3,6,18,BenchmarkSessionValidateNamespaceAdmissionChurn/depth_64/churn_true,,BenchmarkSessionValidateNamespaceAdmissionChurn/depth_64/churn_true,4820,47557,32,1,paired,,r9-public-3-current.txt
r9,public,current,3,6,18,BenchmarkSessionValidateNamespaceAdmissionChurn/depth_256/churn_false,,BenchmarkSessionValidateNamespaceAdmissionChurn/depth_256/churn_false,2287,104315,32,1,paired,,r9-public-3-current.txt
r9,public,current,3,6,18,BenchmarkSessionValidateNamespaceAdmissionChurn/depth_256/churn_true,,BenchmarkSessionValidateNamespaceAdmissionChurn/depth_256/churn_true,1310,189591,32,1,paired,,r9-public-3-current.txt
r9,public,current,3,6,18,BenchmarkSessionValidateRepeatedXSIType,,BenchmarkSessionValidateRepeatedXSIType,2977,83315,32,1,paired,,r9-public-3-current.txt
r9,public,current,3,6,18,BenchmarkSessionValidateIDAttributeStart,,BenchmarkSessionValidateIDAttributeStart,2467,98304,840,101,paired,,r9-public-3-current.txt
r9,public,current,3,6,18,BenchmarkSessionValidateSimpleIDEnd,,BenchmarkSessionValidateSimpleIDEnd,2860,84437,832,101,paired,,r9-public-3-current.txt
r9,public,current,3,6,18,BenchmarkSessionValidateRepeatedQNameValues,,BenchmarkSessionValidateRepeatedQNameValues,3102,76009,32,1,paired,,r9-public-3-current.txt
r9,public,current,3,6,18,BenchmarkSessionValidateRepeatedLaxWildcard,,BenchmarkSessionValidateRepeatedLaxWildcard,178374,1360,32,1,paired,,r9-public-3-current.txt
r9,public,current,3,6,18,BenchmarkSessionValidateStringLengthFacet,,BenchmarkSessionValidateStringLengthFacet,40333,5984,32,1,paired,,r9-public-3-current.txt
r9,public,current,3,6,18,BenchmarkSessionValidateWideChoice,,BenchmarkSessionValidateWideChoice,87,2543325,267,3,paired,,r9-public-3-current.txt
r9,public,current,3,6,18,BenchmarkValidateSubstitutionGroup,,BenchmarkValidateSubstitutionGroup,348,689245,76840,37,paired,,r9-public-3-current.txt
r9,public,current,3,6,18,BenchmarkSessionValidateDateDecimalRows,,BenchmarkSessionValidateDateDecimalRows,1365,172533,33,1,paired,,r9-public-3-current.txt
r9,public,current,3,6,18,BenchmarkValidateSmallInvalidDocument,,BenchmarkValidateSmallInvalidDocument,19158,12334,77096,48,paired,,r9-public-3-current.txt
r9,public,current,3,6,18,BenchmarkValidateManyRecoverablePathErrors,,BenchmarkValidateManyRecoverablePathErrors,2322,100656,110080,627,paired,,r9-public-3-current.txt
r9,public,current,3,6,18,BenchmarkValidateDeeplyNestedDocument,,BenchmarkValidateDeeplyNestedDocument,1860,121205,159456,174,paired,,r9-public-3-current.txt
r9,public,current,3,6,18,BenchmarkSessionValidateDeepThenShallow,,BenchmarkSessionValidateDeepThenShallow,331770,696,32,1,paired,,r9-public-3-current.txt
r9,public,current,3,6,18,BenchmarkValidateDuplicateAttributes,,BenchmarkValidateDuplicateAttributes,625,367754,586986,1083,paired,,r9-public-3-current.txt
r9,public,current,3,6,18,BenchmarkCompileDuplicateSchemaSources,,BenchmarkCompileDuplicateSchemaSources,904,258231,221832,444,paired,,r9-public-3-current.txt
r9,public,current,3,6,18,BenchmarkCompileIncludeGraph,,BenchmarkCompileIncludeGraph,250,940164,767408,3623,paired,,r9-public-3-current.txt
r9,public,current,3,6,18,BenchmarkCompileChameleonTargetFanout/targets_1,,BenchmarkCompileChameleonTargetFanout/targets_1,2972,71641,132584,340,paired,,r9-public-3-current.txt
r9,public,current,3,6,18,BenchmarkCompileChameleonTargetFanout/targets_8,,BenchmarkCompileChameleonTargetFanout/targets_8,1579,138054,197880,696,paired,,r9-public-3-current.txt
r9,public,current,3,6,18,BenchmarkCompileChameleonTargetFanout/targets_32,,BenchmarkCompileChameleonTargetFanout/targets_32,632,379895,427257,1703,paired,,r9-public-3-current.txt
r9,public,current,3,6,18,BenchmarkCompileSchemaText,,BenchmarkCompileSchemaText,727,335978,1379592,282,paired,,r9-public-3-current.txt
r9,public,current,3,6,18,BenchmarkValidateIdentityConstraints,,BenchmarkValidateIdentityConstraints,837,275343,167120,501,paired,,r9-public-3-current.txt
r9,public,current,3,6,18,BenchmarkValidateIdentityConstraintsRows/rows_10,,BenchmarkValidateIdentityConstraintsRows/rows_10,6831,34246,86512,114,paired,,r9-public-3-current.txt
r9,public,current,3,6,18,BenchmarkValidateIdentityConstraintsRows/rows_100,,BenchmarkValidateIdentityConstraintsRows/rows_100,885,277938,167120,501,paired,,r9-public-3-current.txt
r9,public,current,3,6,18,BenchmarkValidateIdentityConstraintsRows/rows_1000,,BenchmarkValidateIdentityConstraintsRows/rows_1000,100,2871907,1034969,4626,paired,,r9-public-3-current.txt
r9,public,current,3,6,18,BenchmarkSessionValidateIdentityConstraintsRows/rows_10,,BenchmarkSessionValidateIdentityConstraintsRows/rows_10,10000,26171,4168,42,paired,,r9-public-3-current.txt
r9,public,current,3,6,18,BenchmarkSessionValidateIdentityConstraintsRows/rows_100,,BenchmarkSessionValidateIdentityConstraintsRows/rows_100,1017,255231,37710,321,paired,,r9-public-3-current.txt
r9,public,current,3,6,18,BenchmarkSessionValidateIdentityConstraintsRows/rows_1000,,BenchmarkSessionValidateIdentityConstraintsRows/rows_1000,98,2651775,445288,4016,paired,,r9-public-3-current.txt
r9,public,current,3,6,18,BenchmarkValidateIdentityConstraintsFields/fields_1,,BenchmarkValidateIdentityConstraintsFields/fields_1,1504,160888,119648,363,paired,,r9-public-3-current.txt
r9,public,current,3,6,18,BenchmarkValidateIdentityConstraintsFields/fields_3,,BenchmarkValidateIdentityConstraintsFields/fields_3,877,277700,153920,876,paired,,r9-public-3-current.txt
r9,public,current,3,6,18,BenchmarkValidateIdentityConstraintsFields/fields_8,,BenchmarkValidateIdentityConstraintsFields/fields_8,429,581639,208696,1891,paired,,r9-public-3-current.txt
r9,public,current,3,6,18,BenchmarkSessionValidateNestedIdentitySelections/depth_16,,BenchmarkSessionValidateNestedIdentitySelections/depth_16,9274,29454,4121,27,paired,,r9-public-3-current.txt
r9,public,current,3,6,18,BenchmarkSessionValidateNestedIdentitySelections/depth_64,,BenchmarkSessionValidateNestedIdentitySelections/depth_64,1531,170543,17153,79,paired,,r9-public-3-current.txt
r9,public,current,3,6,18,BenchmarkSessionValidateNestedIdentitySelections/depth_256,,BenchmarkSessionValidateNestedIdentitySelections/depth_256,148,1584817,70684,277,paired,,r9-public-3-current.txt
r9,public,current,3,6,18,BenchmarkSessionValidateNestedIdentitySelectionPaths,,BenchmarkSessionValidateNestedIdentitySelectionPaths,784,302187,131254,3,paired,,r9-public-3-current.txt
r9,public,current,3,6,18,BenchmarkSessionValidateRetainedIdentityPaths,,BenchmarkSessionValidateRetainedIdentityPaths,98,2820197,650740,4018,paired,,r9-public-3-current.txt
r9,public,current,3,6,18,BenchmarkSessionValidateDisjointIdentityPaths/lexical,,BenchmarkSessionValidateDisjointIdentityPaths/lexical,15,15447486,176026,279,paired,,r9-public-3-current.txt
r9,public,current,3,6,18,BenchmarkSessionValidateDisjointIdentityPaths/expanded,,BenchmarkSessionValidateDisjointIdentityPaths/expanded,8,27692167,155217,302,paired,,r9-public-3-current.txt
r9,public,current,3,6,18,BenchmarkSessionValidateDisjointIdentityPaths/expanded_distinct_namespaces,,BenchmarkSessionValidateDisjointIdentityPaths/expanded_distinct_namespaces,6,37815014,3341497,32909,paired,,r9-public-3-current.txt
r9,public,current,3,6,18,BenchmarkSessionValidateDisjointIdentityPaths/expanded_distinct_control,,BenchmarkSessionValidateDisjointIdentityPaths/expanded_distinct_control,7,33673429,539970,32343,paired,,r9-public-3-current.txt
r9,public,current,3,6,18,BenchmarkSessionValidateExpandedIdentityPaths,,BenchmarkSessionValidateExpandedIdentityPaths,121,1974112,358874,2521,paired,,r9-public-3-current.txt
r9,public,current,3,6,18,BenchmarkSessionValidateSharedExpandedIdentityPrefix/identity,,BenchmarkSessionValidateSharedExpandedIdentityPrefix/identity,12,19425156,4737372,19740,paired,,r9-public-3-current.txt
r9,public,current,3,6,18,BenchmarkSessionValidateSharedExpandedIdentityPrefix/control,,BenchmarkSessionValidateSharedExpandedIdentityPrefix/control,21,11088560,4286,11,paired,,r9-public-3-current.txt
r9,public,current,3,6,18,BenchmarkCompileCountedChoiceDFA/small,,BenchmarkCompileCountedChoiceDFA/small,2782,82227,165144,661,paired,,r9-public-3-current.txt
r9,public,current,3,6,18,BenchmarkCompileCountedChoiceDFA/medium,,BenchmarkCompileCountedChoiceDFA/medium,1846,137535,231732,1263,paired,,r9-public-3-current.txt
r9,public,current,3,6,18,BenchmarkCompileCountedChoiceDFA/large,,BenchmarkCompileCountedChoiceDFA/large,1059,230155,331769,2149,paired,,r9-public-3-current.txt
r9,public,current,3,6,18,BenchmarkCompileSubstitutionGroups,,BenchmarkCompileSubstitutionGroups,340,696732,547112,1547,paired,,r9-public-3-current.txt
r9,public,current,3,6,18,BenchmarkCompileAttributeGroupFanout/refs_1,,BenchmarkCompileAttributeGroupFanout/refs_1,4153,59648,133536,338,paired,,r9-public-3-current.txt
r9,public,current,3,6,18,BenchmarkCompileAttributeGroupFanout/refs_10,,BenchmarkCompileAttributeGroupFanout/refs_10,1978,119514,172216,644,paired,,r9-public-3-current.txt
r9,public,current,3,6,18,BenchmarkCompileAttributeGroupFanout/refs_100,,BenchmarkCompileAttributeGroupFanout/refs_100,334,705486,611144,3092,paired,,r9-public-3-current.txt
r9,public,current,3,6,18,BenchmarkCompileAttributeGroupFanout/refs_1000,,BenchmarkCompileAttributeGroupFanout/refs_1000,34,6922173,5125014,27428,paired,,r9-public-3-current.txt
r9,public,current,3,6,18,BenchmarkCompileRegexCategoryEscapes,,BenchmarkCompileRegexCategoryEscapes,99,2550895,8319184,5415,paired,,r9-public-3-current.txt
r9,public,current,3,6,18,BenchmarkCompileDeepSimpleTypeChain,,BenchmarkCompileDeepSimpleTypeChain,57,4299573,2369618,12899,paired,,r9-public-3-current.txt
r9,public,current,3,6,18,BenchmarkCompileRepeatedNestedUnionMembers,,BenchmarkCompileRepeatedNestedUnionMembers,206,1164073,810960,5228,paired,,r9-public-3-current.txt
r9,public,current,3,6,18,BenchmarkCompileOpaqueAnnotationPayload,,BenchmarkCompileOpaqueAnnotationPayload,259,931402,258192,1279,paired,,r9-public-3-current.txt
r9,public,current,3,6,18,BenchmarkSessionValidateUndeclaredRootXSIType,,BenchmarkSessionValidateUndeclaredRootXSIType,162981,1574,32,1,paired,,r9-public-3-current.txt
r9,public,current,3,6,18,BenchmarkCompileSourceDocuments/distinct,,BenchmarkCompileSourceDocuments/distinct,331,720530,690856,3029,paired,,r9-public-3-current.txt
r9,public,current,3,6,18,BenchmarkCompileSourceDocuments/duplicate_identity,,BenchmarkCompileSourceDocuments/duplicate_identity,176,1365223,1232710,5887,paired,,r9-public-3-current.txt
r9,public,current,3,6,18,BenchmarkCompileStreamingSource/4096B,,BenchmarkCompileStreamingSource/4096B,3295,70074,125776,275,paired,,r9-public-3-current.txt
r9,public,current,3,6,18,BenchmarkCompileStreamingSource/1048576B,,BenchmarkCompileStreamingSource/1048576B,42,5891632,125776,275,paired,,r9-public-3-current.txt
r9,public,current,3,6,18,BenchmarkCompileStreamingSource/16777216B,,BenchmarkCompileStreamingSource/16777216B,3,93028361,125776,275,paired,,r9-public-3-current.txt
r9,public,current,3,6,18,BenchmarkSessionValidateUnionLateMember,,BenchmarkSessionValidateUnionLateMember,1483,160028,32,1,paired,matching public API workload added in both snapshots,r9-public-3-current.txt
r9,public,baseline,4,7,20,BenchmarkSessionValidateAllContent/4,,BenchmarkSessionValidateAllContent/4,87046,2810,0,0,paired,,r9-public-4-baseline.txt
r9,public,baseline,4,7,20,BenchmarkSessionValidateAllContent/16,,BenchmarkSessionValidateAllContent/16,22916,10407,0,0,paired,,r9-public-4-baseline.txt
r9,public,baseline,4,7,20,BenchmarkSessionValidateAllContent/64,,BenchmarkSessionValidateAllContent/64,4797,52431,0,0,paired,,r9-public-4-baseline.txt
r9,public,baseline,4,7,20,BenchmarkSessionValidateAllContent/256,,BenchmarkSessionValidateAllContent/256,588,406394,0,0,paired,,r9-public-4-baseline.txt
r9,public,baseline,4,7,20,BenchmarkSessionValidateAllContent/1024,,BenchmarkSessionValidateAllContent/1024,51,4537550,1960,513,paired,,r9-public-4-baseline.txt
r9,public,baseline,4,7,20,BenchmarkCompileSmallSchema,,BenchmarkCompileSmallSchema,1222,190755,206075,625,paired,,r9-public-4-baseline.txt
r9,public,baseline,4,7,20,BenchmarkCompileAndFirstSession,,BenchmarkCompileAndFirstSession,1245,194961,279815,627,paired,,r9-public-4-baseline.txt
r9,public,baseline,4,7,20,BenchmarkValidateRepeatedSmallDocument,,BenchmarkValidateRepeatedSmallDocument,781,316912,76808,38,paired,,r9-public-4-baseline.txt
r9,public,baseline,4,7,20,BenchmarkSessionValidateRepeatedSmallDocument,,BenchmarkSessionValidateRepeatedSmallDocument,837,279974,35,1,paired,,r9-public-4-baseline.txt
r9,public,baseline,4,7,20,BenchmarkSessionValidateNamespaceAdmissionChurn/depth_16/churn_false,,BenchmarkSessionValidateNamespaceAdmissionChurn/depth_16/churn_false,29456,8098,32,1,paired,,r9-public-4-baseline.txt
r9,public,baseline,4,7,20,BenchmarkSessionValidateNamespaceAdmissionChurn/depth_16/churn_true,,BenchmarkSessionValidateNamespaceAdmissionChurn/depth_16/churn_true,17672,14028,32,1,paired,,r9-public-4-baseline.txt
r9,public,baseline,4,7,20,BenchmarkSessionValidateNamespaceAdmissionChurn/depth_64/churn_false,,BenchmarkSessionValidateNamespaceAdmissionChurn/depth_64/churn_false,7562,33484,32,1,paired,,r9-public-4-baseline.txt
r9,public,baseline,4,7,20,BenchmarkSessionValidateNamespaceAdmissionChurn/depth_64/churn_true,,BenchmarkSessionValidateNamespaceAdmissionChurn/depth_64/churn_true,4704,51358,32,1,paired,,r9-public-4-baseline.txt
r9,public,baseline,4,7,20,BenchmarkSessionValidateNamespaceAdmissionChurn/depth_256/churn_false,,BenchmarkSessionValidateNamespaceAdmissionChurn/depth_256/churn_false,2036,119416,32,1,paired,,r9-public-4-baseline.txt
r9,public,baseline,4,7,20,BenchmarkSessionValidateNamespaceAdmissionChurn/depth_256/churn_true,,BenchmarkSessionValidateNamespaceAdmissionChurn/depth_256/churn_true,1167,207125,32,1,paired,,r9-public-4-baseline.txt
r9,public,baseline,4,7,20,BenchmarkSessionValidateRepeatedXSIType,,BenchmarkSessionValidateRepeatedXSIType,2336,92894,33,1,paired,,r9-public-4-baseline.txt
r9,public,baseline,4,7,20,BenchmarkSessionValidateIDAttributeStart,,BenchmarkSessionValidateIDAttributeStart,1856,125347,840,101,paired,,r9-public-4-baseline.txt
r9,public,baseline,4,7,20,BenchmarkSessionValidateSimpleIDEnd,,BenchmarkSessionValidateSimpleIDEnd,2294,110632,832,101,paired,,r9-public-4-baseline.txt
r9,public,baseline,4,7,20,BenchmarkSessionValidateRepeatedQNameValues,,BenchmarkSessionValidateRepeatedQNameValues,1408,170493,33,1,paired,,r9-public-4-baseline.txt
r9,public,baseline,4,7,20,BenchmarkSessionValidateRepeatedLaxWildcard,,BenchmarkSessionValidateRepeatedLaxWildcard,175492,1394,32,1,paired,,r9-public-4-baseline.txt
r9,public,baseline,4,7,20,BenchmarkSessionValidateStringLengthFacet,,BenchmarkSessionValidateStringLengthFacet,24710,9691,32,1,paired,,r9-public-4-baseline.txt
r9,public,baseline,4,7,20,BenchmarkSessionValidateWideChoice,,BenchmarkSessionValidateWideChoice,92,2606438,385,5,paired,,r9-public-4-baseline.txt
r9,public,baseline,4,7,20,BenchmarkValidateSubstitutionGroup,,BenchmarkValidateSubstitutionGroup,334,742138,78272,60,paired,,r9-public-4-baseline.txt
r9,public,baseline,4,7,20,BenchmarkSessionValidateDateDecimalRows,,BenchmarkSessionValidateDateDecimalRows,1305,191516,34,1,paired,,r9-public-4-baseline.txt
r9,public,baseline,4,7,20,BenchmarkValidateSmallInvalidDocument,,BenchmarkValidateSmallInvalidDocument,16851,14134,77840,59,paired,,r9-public-4-baseline.txt
r9,public,baseline,4,7,20,BenchmarkValidateManyRecoverablePathErrors,,BenchmarkValidateManyRecoverablePathErrors,2544,99891,110352,631,paired,,r9-public-4-baseline.txt
r9,public,baseline,4,7,20,BenchmarkValidateDeeplyNestedDocument,,BenchmarkValidateDeeplyNestedDocument,1954,121977,184288,311,paired,,r9-public-4-baseline.txt
r9,public,baseline,4,7,20,BenchmarkSessionValidateDeepThenShallow,,BenchmarkSessionValidateDeepThenShallow,328393,722.5,32,1,paired,,r9-public-4-baseline.txt
r9,public,baseline,4,7,20,BenchmarkValidateDuplicateAttributes,,BenchmarkValidateDuplicateAttributes,694,344273,612000,1604,paired,,r9-public-4-baseline.txt
r9,public,baseline,4,7,20,BenchmarkCompileDuplicateSchemaSources,,BenchmarkCompileDuplicateSchemaSources,488,471614,1236932,894,paired,,r9-public-4-baseline.txt
r9,public,baseline,4,7,20,BenchmarkCompileIncludeGraph,,BenchmarkCompileIncludeGraph,157,1528815,7037042,6812,paired,,r9-public-4-baseline.txt
r9,public,baseline,4,7,20,BenchmarkCompileChameleonTargetFanout/targets_1,,BenchmarkCompileChameleonTargetFanout/targets_1,1484,165121,312904,489,paired,,r9-public-4-baseline.txt
r9,public,baseline,4,7,20,BenchmarkCompileChameleonTargetFanout/targets_8,,BenchmarkCompileChameleonTargetFanout/targets_8,825,288322,903504,1143,paired,,r9-public-4-baseline.txt
r9,public,baseline,4,7,20,BenchmarkCompileChameleonTargetFanout/targets_32,,BenchmarkCompileChameleonTargetFanout/targets_32,328,719234,2923409,3181,paired,,r9-public-4-baseline.txt
r9,public,baseline,4,7,20,BenchmarkCompileSchemaText,,BenchmarkCompileSchemaText,763,308124,1140336,360,paired,,r9-public-4-baseline.txt
r9,public,baseline,4,7,20,BenchmarkValidateIdentityConstraints,,BenchmarkValidateIdentityConstraints,814,299104,172344,610,paired,,r9-public-4-baseline.txt
r9,public,baseline,4,7,20,BenchmarkValidateIdentityConstraintsRows/rows_10,,BenchmarkValidateIdentityConstraintsRows/rows_10,5798,39971,87048,130,paired,,r9-public-4-baseline.txt
r9,public,baseline,4,7,20,BenchmarkValidateIdentityConstraintsRows/rows_100,,BenchmarkValidateIdentityConstraintsRows/rows_100,798,310116,172344,610,paired,,r9-public-4-baseline.txt
r9,public,baseline,4,7,20,BenchmarkValidateIdentityConstraintsRows/rows_1000,,BenchmarkValidateIdentityConstraintsRows/rows_1000,91,3077329,1057826,5149,paired,,r9-public-4-baseline.txt
r9,public,baseline,4,7,20,BenchmarkSessionValidateIdentityConstraintsRows/rows_10,,BenchmarkSessionValidateIdentityConstraintsRows/rows_10,9598,28069,4168,42,paired,,r9-public-4-baseline.txt
r9,public,baseline,4,7,20,BenchmarkSessionValidateIdentityConstraintsRows/rows_100,,BenchmarkSessionValidateIdentityConstraintsRows/rows_100,907,273512,37723,321,paired,,r9-public-4-baseline.txt
r9,public,baseline,4,7,20,BenchmarkSessionValidateIdentityConstraintsRows/rows_1000,,BenchmarkSessionValidateIdentityConstraintsRows/rows_1000,98,2729884,445521,4021,paired,,r9-public-4-baseline.txt
r9,public,baseline,4,7,20,BenchmarkValidateIdentityConstraintsFields/fields_1,,BenchmarkValidateIdentityConstraintsFields/fields_1,1376,177602,124920,473,paired,,r9-public-4-baseline.txt
r9,public,baseline,4,7,20,BenchmarkValidateIdentityConstraintsFields/fields_3,,BenchmarkValidateIdentityConstraintsFields/fields_3,717,336710,165816,1190,paired,,r9-public-4-baseline.txt
r9,public,baseline,4,7,20,BenchmarkValidateIdentityConstraintsFields/fields_8,,BenchmarkValidateIdentityConstraintsFields/fields_8,336,885948,232080,2424,paired,,r9-public-4-baseline.txt
r9,public,baseline,4,7,20,BenchmarkSessionValidateNestedIdentitySelections/depth_16,,BenchmarkSessionValidateNestedIdentitySelections/depth_16,7321,32963,4122,27,paired,,r9-public-4-baseline.txt
r9,public,baseline,4,7,20,BenchmarkSessionValidateNestedIdentitySelections/depth_64,,BenchmarkSessionValidateNestedIdentitySelections/depth_64,1335,193401,17167,79,paired,,r9-public-4-baseline.txt
r9,public,baseline,4,7,20,BenchmarkSessionValidateNestedIdentitySelections/depth_256,,BenchmarkSessionValidateNestedIdentitySelections/depth_256,134,1758604,71183,279,paired,,r9-public-4-baseline.txt
r9,public,baseline,4,7,20,BenchmarkSessionValidateNestedIdentitySelectionPaths,,BenchmarkSessionValidateNestedIdentitySelectionPaths,804,298267,131262,3,paired,,r9-public-4-baseline.txt
r9,public,baseline,4,7,20,BenchmarkSessionValidateRetainedIdentityPaths,,BenchmarkSessionValidateRetainedIdentityPaths,87,3094948,651760,4025,paired,,r9-public-4-baseline.txt
r9,public,baseline,4,7,20,BenchmarkSessionValidateDisjointIdentityPaths/lexical,,BenchmarkSessionValidateDisjointIdentityPaths/lexical,13,18268362,180278,303,paired,,r9-public-4-baseline.txt
r9,public,baseline,4,7,20,BenchmarkSessionValidateDisjointIdentityPaths/expanded,,BenchmarkSessionValidateDisjointIdentityPaths/expanded,8,29370823,159129,337,paired,,r9-public-4-baseline.txt
r9,public,baseline,4,7,20,BenchmarkSessionValidateDisjointIdentityPaths/expanded_distinct_namespaces,,BenchmarkSessionValidateDisjointIdentityPaths/expanded_distinct_namespaces,6,39954285,3348497,32998,paired,,r9-public-4-baseline.txt
r9,public,baseline,4,7,20,BenchmarkSessionValidateDisjointIdentityPaths/expanded_distinct_control,,BenchmarkSessionValidateDisjointIdentityPaths/expanded_distinct_control,6,35184215,550936,32445,paired,,r9-public-4-baseline.txt
r9,public,baseline,4,7,20,BenchmarkSessionValidateExpandedIdentityPaths,,BenchmarkSessionValidateExpandedIdentityPaths,100,2077438,359797,2528,paired,,r9-public-4-baseline.txt
r9,public,baseline,4,7,20,BenchmarkSessionValidateSharedExpandedIdentityPrefix/identity,,BenchmarkSessionValidateSharedExpandedIdentityPrefix/identity,10,21029700,4743599,19811,paired,,r9-public-4-baseline.txt
r9,public,baseline,4,7,20,BenchmarkSessionValidateSharedExpandedIdentityPrefix/control,,BenchmarkSessionValidateSharedExpandedIdentityPrefix/control,20,11252298,5249,19,paired,,r9-public-4-baseline.txt
r9,public,baseline,4,7,20,BenchmarkCompileCountedChoiceDFA/small,,BenchmarkCompileCountedChoiceDFA/small,1375,170858,193329,752,paired,,r9-public-4-baseline.txt
r9,public,baseline,4,7,20,BenchmarkCompileCountedChoiceDFA/medium,,BenchmarkCompileCountedChoiceDFA/medium,997,240912,259461,1402,paired,,r9-public-4-baseline.txt
r9,public,baseline,4,7,20,BenchmarkCompileCountedChoiceDFA/large,,BenchmarkCompileCountedChoiceDFA/large,654,370774,360034,2331,paired,,r9-public-4-baseline.txt
r9,public,baseline,4,7,20,BenchmarkCompileSubstitutionGroups,,BenchmarkCompileSubstitutionGroups,340,702448,460032,1621,paired,,r9-public-4-baseline.txt
r9,public,baseline,4,7,20,BenchmarkCompileAttributeGroupFanout/refs_1,,BenchmarkCompileAttributeGroupFanout/refs_1,1748,148391,164816,416,paired,,r9-public-4-baseline.txt
r9,public,baseline,4,7,20,BenchmarkCompileAttributeGroupFanout/refs_10,,BenchmarkCompileAttributeGroupFanout/refs_10,1152,202525,204440,756,paired,,r9-public-4-baseline.txt
r9,public,baseline,4,7,20,BenchmarkCompileAttributeGroupFanout/refs_100,,BenchmarkCompileAttributeGroupFanout/refs_100,313,770193,655064,3564,paired,,r9-public-4-baseline.txt
r9,public,baseline,4,7,20,BenchmarkCompileAttributeGroupFanout/refs_1000,,BenchmarkCompileAttributeGroupFanout/refs_1000,39,6894788,5075472,30004,paired,,r9-public-4-baseline.txt
r9,public,baseline,4,7,20,BenchmarkCompileRegexCategoryEscapes,,BenchmarkCompileRegexCategoryEscapes,85,3154181,6693492,9768,paired,,r9-public-4-baseline.txt
r9,public,baseline,4,7,20,BenchmarkCompileDeepSimpleTypeChain,,BenchmarkCompileDeepSimpleTypeChain,28,8632740,2268158,8478,paired,,r9-public-4-baseline.txt
r9,public,baseline,4,7,20,BenchmarkCompileRepeatedNestedUnionMembers,,BenchmarkCompileRepeatedNestedUnionMembers,207,1158861,830432,4784,paired,,r9-public-4-baseline.txt
r9,public,baseline,4,7,20,BenchmarkCompileOpaqueAnnotationPayload,,BenchmarkCompileOpaqueAnnotationPayload,214,1118126,361384,2874,paired,,r9-public-4-baseline.txt
r9,public,baseline,4,7,20,BenchmarkSessionValidateUndeclaredRootXSIType,,BenchmarkSessionValidateUndeclaredRootXSIType,151740,1560,32,1,paired,,r9-public-4-baseline.txt
r9,public,baseline,4,7,20,BenchmarkCompileSourceDocuments/distinct,,BenchmarkCompileSourceDocuments/distinct,147,1614518,10181558,8054,paired,,r9-public-4-baseline.txt
r9,public,baseline,4,7,20,BenchmarkCompileSourceDocuments/duplicate_identity,,BenchmarkCompileSourceDocuments/duplicate_identity,100,2344500,10625095,13699,paired,,r9-public-4-baseline.txt
r9,public,baseline,4,7,20,BenchmarkCompileStreamingSource/4096B,,BenchmarkCompileStreamingSource/4096B,1254,194153,166840,361,paired,,r9-public-4-baseline.txt
r9,public,baseline,4,7,20,BenchmarkCompileStreamingSource/1048576B,,BenchmarkCompileStreamingSource/1048576B,14,15455250,2384441,376,paired,,r9-public-4-baseline.txt
r9,public,baseline,4,7,20,BenchmarkCompileStreamingSource/16777216B,,BenchmarkCompileStreamingSource/16777216B,1,242356292,36381256,383,paired,,r9-public-4-baseline.txt
r9,public,baseline,4,7,20,BenchmarkSessionValidateUnionLateMember,,BenchmarkSessionValidateUnionLateMember,1412,172068,32,1,paired,matching public API workload added in both snapshots,r9-public-4-baseline.txt
r9,public,current,4,8,19,BenchmarkSessionValidateAllContent/4,,BenchmarkSessionValidateAllContent/4,93183,2626,0,0,paired,,r9-public-4-current.txt
r9,public,current,4,8,19,BenchmarkSessionValidateAllContent/16,,BenchmarkSessionValidateAllContent/16,26443,8928,0,0,paired,,r9-public-4-current.txt
r9,public,current,4,8,19,BenchmarkSessionValidateAllContent/64,,BenchmarkSessionValidateAllContent/64,7191,32577,0,0,paired,,r9-public-4-current.txt
r9,public,current,4,8,19,BenchmarkSessionValidateAllContent/256,,BenchmarkSessionValidateAllContent/256,1882,127526,0,0,paired,,r9-public-4-current.txt
r9,public,current,4,8,19,BenchmarkSessionValidateAllContent/1024,,BenchmarkSessionValidateAllContent/1024,440,544492,1960,513,paired,,r9-public-4-current.txt
r9,public,current,4,8,19,BenchmarkCompileSmallSchema,,BenchmarkCompileSmallSchema,2330,103602,198809,569,paired,,r9-public-4-current.txt
r9,public,current,4,8,19,BenchmarkCompileAndFirstSession,,BenchmarkCompileAndFirstSession,2192,108236,272549,571,paired,,r9-public-4-current.txt
r9,public,current,4,8,19,BenchmarkValidateRepeatedSmallDocument,,BenchmarkValidateRepeatedSmallDocument,799,314301,76080,28,paired,,r9-public-4-current.txt
r9,public,current,4,8,19,BenchmarkSessionValidateRepeatedSmallDocument,,BenchmarkSessionValidateRepeatedSmallDocument,901,277490,34,1,paired,,r9-public-4-current.txt
r9,public,current,4,8,19,BenchmarkSessionValidateNamespaceAdmissionChurn/depth_16/churn_false,,BenchmarkSessionValidateNamespaceAdmissionChurn/depth_16/churn_false,34147,6898,32,1,paired,,r9-public-4-current.txt
r9,public,current,4,8,19,BenchmarkSessionValidateNamespaceAdmissionChurn/depth_16/churn_true,,BenchmarkSessionValidateNamespaceAdmissionChurn/depth_16/churn_true,19682,12132,32,1,paired,,r9-public-4-current.txt
r9,public,current,4,8,19,BenchmarkSessionValidateNamespaceAdmissionChurn/depth_64/churn_false,,BenchmarkSessionValidateNamespaceAdmissionChurn/depth_64/churn_false,9086,26618,32,1,paired,,r9-public-4-current.txt
r9,public,current,4,8,19,BenchmarkSessionValidateNamespaceAdmissionChurn/depth_64/churn_true,,BenchmarkSessionValidateNamespaceAdmissionChurn/depth_64/churn_true,4978,50131,32,1,paired,,r9-public-4-current.txt
r9,public,current,4,8,19,BenchmarkSessionValidateNamespaceAdmissionChurn/depth_256/churn_false,,BenchmarkSessionValidateNamespaceAdmissionChurn/depth_256/churn_false,2262,107874,32,1,paired,,r9-public-4-current.txt
r9,public,current,4,8,19,BenchmarkSessionValidateNamespaceAdmissionChurn/depth_256/churn_true,,BenchmarkSessionValidateNamespaceAdmissionChurn/depth_256/churn_true,1286,194934,32,1,paired,,r9-public-4-current.txt
r9,public,current,4,8,19,BenchmarkSessionValidateRepeatedXSIType,,BenchmarkSessionValidateRepeatedXSIType,2830,86089,32,1,paired,,r9-public-4-current.txt
r9,public,current,4,8,19,BenchmarkSessionValidateIDAttributeStart,,BenchmarkSessionValidateIDAttributeStart,2407,99864,840,101,paired,,r9-public-4-current.txt
r9,public,current,4,8,19,BenchmarkSessionValidateSimpleIDEnd,,BenchmarkSessionValidateSimpleIDEnd,2902,83316,832,101,paired,,r9-public-4-current.txt
r9,public,current,4,8,19,BenchmarkSessionValidateRepeatedQNameValues,,BenchmarkSessionValidateRepeatedQNameValues,3220,72493,32,1,paired,,r9-public-4-current.txt
r9,public,current,4,8,19,BenchmarkSessionValidateRepeatedLaxWildcard,,BenchmarkSessionValidateRepeatedLaxWildcard,187350,1420,32,1,paired,,r9-public-4-current.txt
r9,public,current,4,8,19,BenchmarkSessionValidateStringLengthFacet,,BenchmarkSessionValidateStringLengthFacet,39810,6228,32,1,paired,,r9-public-4-current.txt
r9,public,current,4,8,19,BenchmarkSessionValidateWideChoice,,BenchmarkSessionValidateWideChoice,97,2442258,243,3,paired,,r9-public-4-current.txt
r9,public,current,4,8,19,BenchmarkValidateSubstitutionGroup,,BenchmarkValidateSubstitutionGroup,363,679265,76840,37,paired,,r9-public-4-current.txt
r9,public,current,4,8,19,BenchmarkSessionValidateDateDecimalRows,,BenchmarkSessionValidateDateDecimalRows,1413,167100,33,1,paired,,r9-public-4-current.txt
r9,public,current,4,8,19,BenchmarkValidateSmallInvalidDocument,,BenchmarkValidateSmallInvalidDocument,23368,10222,77096,48,paired,,r9-public-4-current.txt
r9,public,current,4,8,19,BenchmarkValidateManyRecoverablePathErrors,,BenchmarkValidateManyRecoverablePathErrors,2704,92444,110080,627,paired,,r9-public-4-current.txt
r9,public,current,4,8,19,BenchmarkValidateDeeplyNestedDocument,,BenchmarkValidateDeeplyNestedDocument,2115,106530,159456,174,paired,,r9-public-4-current.txt
r9,public,current,4,8,19,BenchmarkSessionValidateDeepThenShallow,,BenchmarkSessionValidateDeepThenShallow,341904,703.6,32,1,paired,,r9-public-4-current.txt
r9,public,current,4,8,19,BenchmarkValidateDuplicateAttributes,,BenchmarkValidateDuplicateAttributes,682,351556,586985,1083,paired,,r9-public-4-current.txt
r9,public,current,4,8,19,BenchmarkCompileDuplicateSchemaSources,,BenchmarkCompileDuplicateSchemaSources,960,247804,221832,444,paired,,r9-public-4-current.txt
r9,public,current,4,8,19,BenchmarkCompileIncludeGraph,,BenchmarkCompileIncludeGraph,277,858915,767408,3623,paired,,r9-public-4-current.txt
r9,public,current,4,8,19,BenchmarkCompileChameleonTargetFanout/targets_1,,BenchmarkCompileChameleonTargetFanout/targets_1,4180,59349,132584,340,paired,,r9-public-4-current.txt
r9,public,current,4,8,19,BenchmarkCompileChameleonTargetFanout/targets_8,,BenchmarkCompileChameleonTargetFanout/targets_8,1978,125374,197880,696,paired,,r9-public-4-current.txt
r9,public,current,4,8,19,BenchmarkCompileChameleonTargetFanout/targets_32,,BenchmarkCompileChameleonTargetFanout/targets_32,642,373816,427258,1703,paired,,r9-public-4-current.txt
r9,public,current,4,8,19,BenchmarkCompileSchemaText,,BenchmarkCompileSchemaText,714,337035,1379592,282,paired,,r9-public-4-current.txt
r9,public,current,4,8,19,BenchmarkValidateIdentityConstraints,,BenchmarkValidateIdentityConstraints,837,288365,167120,501,paired,,r9-public-4-current.txt
r9,public,current,4,8,19,BenchmarkValidateIdentityConstraintsRows/rows_10,,BenchmarkValidateIdentityConstraintsRows/rows_10,6676,36535,86512,114,paired,,r9-public-4-current.txt
r9,public,current,4,8,19,BenchmarkValidateIdentityConstraintsRows/rows_100,,BenchmarkValidateIdentityConstraintsRows/rows_100,830,284325,167120,501,paired,,r9-public-4-current.txt
r9,public,current,4,8,19,BenchmarkValidateIdentityConstraintsRows/rows_1000,,BenchmarkValidateIdentityConstraintsRows/rows_1000,100,2771799,1034969,4626,paired,,r9-public-4-current.txt
r9,public,current,4,8,19,BenchmarkSessionValidateIdentityConstraintsRows/rows_10,,BenchmarkSessionValidateIdentityConstraintsRows/rows_10,10000,24595,4168,42,paired,,r9-public-4-current.txt
r9,public,current,4,8,19,BenchmarkSessionValidateIdentityConstraintsRows/rows_100,,BenchmarkSessionValidateIdentityConstraintsRows/rows_100,916,251305,37716,321,paired,,r9-public-4-current.txt
r9,public,current,4,8,19,BenchmarkSessionValidateIdentityConstraintsRows/rows_1000,,BenchmarkSessionValidateIdentityConstraintsRows/rows_1000,100,2577167,445181,4016,paired,,r9-public-4-current.txt
r9,public,current,4,8,19,BenchmarkValidateIdentityConstraintsFields/fields_1,,BenchmarkValidateIdentityConstraintsFields/fields_1,1515,168458,119648,363,paired,,r9-public-4-current.txt
r9,public,current,4,8,19,BenchmarkValidateIdentityConstraintsFields/fields_3,,BenchmarkValidateIdentityConstraintsFields/fields_3,864,286612,153920,876,paired,,r9-public-4-current.txt
r9,public,current,4,8,19,BenchmarkValidateIdentityConstraintsFields/fields_8,,BenchmarkValidateIdentityConstraintsFields/fields_8,411,582886,208696,1891,paired,,r9-public-4-current.txt
r9,public,current,4,8,19,BenchmarkSessionValidateNestedIdentitySelections/depth_16,,BenchmarkSessionValidateNestedIdentitySelections/depth_16,9447,28715,4121,27,paired,,r9-public-4-current.txt
r9,public,current,4,8,19,BenchmarkSessionValidateNestedIdentitySelections/depth_64,,BenchmarkSessionValidateNestedIdentitySelections/depth_64,1575,165139,17151,79,paired,,r9-public-4-current.txt
r9,public,current,4,8,19,BenchmarkSessionValidateNestedIdentitySelections/depth_256,,BenchmarkSessionValidateNestedIdentitySelections/depth_256,151,1585539,70649,277,paired,,r9-public-4-current.txt
r9,public,current,4,8,19,BenchmarkSessionValidateNestedIdentitySelectionPaths,,BenchmarkSessionValidateNestedIdentitySelectionPaths,793,302721,131253,3,paired,,r9-public-4-current.txt
r9,public,current,4,8,19,BenchmarkSessionValidateRetainedIdentityPaths,,BenchmarkSessionValidateRetainedIdentityPaths,98,2943930,650741,4018,paired,,r9-public-4-current.txt
r9,public,current,4,8,19,BenchmarkSessionValidateDisjointIdentityPaths/lexical,,BenchmarkSessionValidateDisjointIdentityPaths/lexical,14,16153045,176889,281,paired,,r9-public-4-current.txt
r9,public,current,4,8,19,BenchmarkSessionValidateDisjointIdentityPaths/expanded,,BenchmarkSessionValidateDisjointIdentityPaths/expanded,8,27954406,155217,302,paired,,r9-public-4-current.txt
r9,public,current,4,8,19,BenchmarkSessionValidateDisjointIdentityPaths/expanded_distinct_namespaces,,BenchmarkSessionValidateDisjointIdentityPaths/expanded_distinct_namespaces,6,36820632,3341497,32909,paired,,r9-public-4-current.txt
r9,public,current,4,8,19,BenchmarkSessionValidateDisjointIdentityPaths/expanded_distinct_control,,BenchmarkSessionValidateDisjointIdentityPaths/expanded_distinct_control,7,32101732,539970,32343,paired,,r9-public-4-current.txt
r9,public,current,4,8,19,BenchmarkSessionValidateExpandedIdentityPaths,,BenchmarkSessionValidateExpandedIdentityPaths,123,1943176,358820,2521,paired,,r9-public-4-current.txt
r9,public,current,4,8,19,BenchmarkSessionValidateSharedExpandedIdentityPrefix/identity,,BenchmarkSessionValidateSharedExpandedIdentityPrefix/identity,12,19782576,4737374,19740,paired,,r9-public-4-current.txt
r9,public,current,4,8,19,BenchmarkSessionValidateSharedExpandedIdentityPrefix/control,,BenchmarkSessionValidateSharedExpandedIdentityPrefix/control,21,11455097,4286,11,paired,,r9-public-4-current.txt
r9,public,current,4,8,19,BenchmarkCompileCountedChoiceDFA/small,,BenchmarkCompileCountedChoiceDFA/small,2743,88217,165144,661,paired,,r9-public-4-current.txt
r9,public,current,4,8,19,BenchmarkCompileCountedChoiceDFA/medium,,BenchmarkCompileCountedChoiceDFA/medium,1606,144560,231732,1263,paired,,r9-public-4-current.txt
r9,public,current,4,8,19,BenchmarkCompileCountedChoiceDFA/large,,BenchmarkCompileCountedChoiceDFA/large,1041,227449,331770,2149,paired,,r9-public-4-current.txt
r9,public,current,4,8,19,BenchmarkCompileSubstitutionGroups,,BenchmarkCompileSubstitutionGroups,358,666925,547113,1547,paired,,r9-public-4-current.txt
r9,public,current,4,8,19,BenchmarkCompileAttributeGroupFanout/refs_1,,BenchmarkCompileAttributeGroupFanout/refs_1,4288,57178,133536,338,paired,,r9-public-4-current.txt
r9,public,current,4,8,19,BenchmarkCompileAttributeGroupFanout/refs_10,,BenchmarkCompileAttributeGroupFanout/refs_10,1986,116115,172216,644,paired,,r9-public-4-current.txt
r9,public,current,4,8,19,BenchmarkCompileAttributeGroupFanout/refs_100,,BenchmarkCompileAttributeGroupFanout/refs_100,345,714418,611144,3092,paired,,r9-public-4-current.txt
r9,public,current,4,8,19,BenchmarkCompileAttributeGroupFanout/refs_1000,,BenchmarkCompileAttributeGroupFanout/refs_1000,36,6911659,5125013,27428,paired,,r9-public-4-current.txt
r9,public,current,4,8,19,BenchmarkCompileRegexCategoryEscapes,,BenchmarkCompileRegexCategoryEscapes,88,2687755,8319184,5415,paired,,r9-public-4-current.txt
r9,public,current,4,8,19,BenchmarkCompileDeepSimpleTypeChain,,BenchmarkCompileDeepSimpleTypeChain,64,4216654,2369619,12899,paired,,r9-public-4-current.txt
r9,public,current,4,8,19,BenchmarkCompileRepeatedNestedUnionMembers,,BenchmarkCompileRepeatedNestedUnionMembers,210,1132114,810960,5228,paired,,r9-public-4-current.txt
r9,public,current,4,8,19,BenchmarkCompileOpaqueAnnotationPayload,,BenchmarkCompileOpaqueAnnotationPayload,272,886929,258192,1279,paired,,r9-public-4-current.txt
r9,public,current,4,8,19,BenchmarkSessionValidateUndeclaredRootXSIType,,BenchmarkSessionValidateUndeclaredRootXSIType,155790,1543,32,1,paired,,r9-public-4-current.txt
r9,public,current,4,8,19,BenchmarkCompileSourceDocuments/distinct,,BenchmarkCompileSourceDocuments/distinct,327,719068,690856,3029,paired,,r9-public-4-current.txt
r9,public,current,4,8,19,BenchmarkCompileSourceDocuments/duplicate_identity,,BenchmarkCompileSourceDocuments/duplicate_identity,166,1423395,1232712,5887,paired,,r9-public-4-current.txt
r9,public,current,4,8,19,BenchmarkCompileStreamingSource/4096B,,BenchmarkCompileStreamingSource/4096B,3399,74271,125776,275,paired,,r9-public-4-current.txt
r9,public,current,4,8,19,BenchmarkCompileStreamingSource/1048576B,,BenchmarkCompileStreamingSource/1048576B,39,5945378,125776,275,paired,,r9-public-4-current.txt
r9,public,current,4,8,19,BenchmarkCompileStreamingSource/16777216B,,BenchmarkCompileStreamingSource/16777216B,3,90799236,125776,275,paired,,r9-public-4-current.txt
r9,public,current,4,8,19,BenchmarkSessionValidateUnionLateMember,,BenchmarkSessionValidateUnionLateMember,1544,153236,32,1,paired,matching public API workload added in both snapshots,r9-public-4-current.txt
r9,public,baseline,5,9,21,BenchmarkSessionValidateAllContent/4,,BenchmarkSessionValidateAllContent/4,84517,2836,0,0,paired,,r9-public-5-baseline.txt
r9,public,baseline,5,9,21,BenchmarkSessionValidateAllContent/16,,BenchmarkSessionValidateAllContent/16,23593,10145,0,0,paired,,r9-public-5-baseline.txt
r9,public,baseline,5,9,21,BenchmarkSessionValidateAllContent/64,,BenchmarkSessionValidateAllContent/64,4658,50720,0,0,paired,,r9-public-5-baseline.txt
r9,public,baseline,5,9,21,BenchmarkSessionValidateAllContent/256,,BenchmarkSessionValidateAllContent/256,624,394892,0,0,paired,,r9-public-5-baseline.txt
r9,public,baseline,5,9,21,BenchmarkSessionValidateAllContent/1024,,BenchmarkSessionValidateAllContent/1024,52,4672726,1960,513,paired,,r9-public-5-baseline.txt
r9,public,baseline,5,9,21,BenchmarkCompileSmallSchema,,BenchmarkCompileSmallSchema,1131,202524,206075,625,paired,,r9-public-5-baseline.txt
r9,public,baseline,5,9,21,BenchmarkCompileAndFirstSession,,BenchmarkCompileAndFirstSession,1164,209655,279815,627,paired,,r9-public-5-baseline.txt
r9,public,baseline,5,9,21,BenchmarkValidateRepeatedSmallDocument,,BenchmarkValidateRepeatedSmallDocument,783,313085,76808,38,paired,,r9-public-5-baseline.txt
r9,public,baseline,5,9,21,BenchmarkSessionValidateRepeatedSmallDocument,,BenchmarkSessionValidateRepeatedSmallDocument,852,311518,35,1,paired,,r9-public-5-baseline.txt
r9,public,baseline,5,9,21,BenchmarkSessionValidateNamespaceAdmissionChurn/depth_16/churn_false,,BenchmarkSessionValidateNamespaceAdmissionChurn/depth_16/churn_false,31269,7673,32,1,paired,,r9-public-5-baseline.txt
r9,public,baseline,5,9,21,BenchmarkSessionValidateNamespaceAdmissionChurn/depth_16/churn_true,,BenchmarkSessionValidateNamespaceAdmissionChurn/depth_16/churn_true,18448,13177,32,1,paired,,r9-public-5-baseline.txt
r9,public,baseline,5,9,21,BenchmarkSessionValidateNamespaceAdmissionChurn/depth_64/churn_false,,BenchmarkSessionValidateNamespaceAdmissionChurn/depth_64/churn_false,7866,30777,32,1,paired,,r9-public-5-baseline.txt
r9,public,baseline,5,9,21,BenchmarkSessionValidateNamespaceAdmissionChurn/depth_64/churn_true,,BenchmarkSessionValidateNamespaceAdmissionChurn/depth_64/churn_true,4723,53026,32,1,paired,,r9-public-5-baseline.txt
r9,public,baseline,5,9,21,BenchmarkSessionValidateNamespaceAdmissionChurn/depth_256/churn_false,,BenchmarkSessionValidateNamespaceAdmissionChurn/depth_256/churn_false,1992,123268,32,1,paired,,r9-public-5-baseline.txt
r9,public,baseline,5,9,21,BenchmarkSessionValidateNamespaceAdmissionChurn/depth_256/churn_true,,BenchmarkSessionValidateNamespaceAdmissionChurn/depth_256/churn_true,1138,213864,32,1,paired,,r9-public-5-baseline.txt
r9,public,baseline,5,9,21,BenchmarkSessionValidateRepeatedXSIType,,BenchmarkSessionValidateRepeatedXSIType,2506,89066,33,1,paired,,r9-public-5-baseline.txt
r9,public,baseline,5,9,21,BenchmarkSessionValidateIDAttributeStart,,BenchmarkSessionValidateIDAttributeStart,1982,121356,840,101,paired,,r9-public-5-baseline.txt
r9,public,baseline,5,9,21,BenchmarkSessionValidateSimpleIDEnd,,BenchmarkSessionValidateSimpleIDEnd,2227,109375,832,101,paired,,r9-public-5-baseline.txt
r9,public,baseline,5,9,21,BenchmarkSessionValidateRepeatedQNameValues,,BenchmarkSessionValidateRepeatedQNameValues,1369,172895,33,1,paired,,r9-public-5-baseline.txt
r9,public,baseline,5,9,21,BenchmarkSessionValidateRepeatedLaxWildcard,,BenchmarkSessionValidateRepeatedLaxWildcard,176092,1506,32,1,paired,,r9-public-5-baseline.txt
r9,public,baseline,5,9,21,BenchmarkSessionValidateStringLengthFacet,,BenchmarkSessionValidateStringLengthFacet,23583,10334,32,1,paired,,r9-public-5-baseline.txt
r9,public,baseline,5,9,21,BenchmarkSessionValidateWideChoice,,BenchmarkSessionValidateWideChoice,78,2715483,448,6,paired,,r9-public-5-baseline.txt
r9,public,baseline,5,9,21,BenchmarkValidateSubstitutionGroup,,BenchmarkValidateSubstitutionGroup,333,723665,78272,60,paired,,r9-public-5-baseline.txt
r9,public,baseline,5,9,21,BenchmarkSessionValidateDateDecimalRows,,BenchmarkSessionValidateDateDecimalRows,1306,183792,34,1,paired,,r9-public-5-baseline.txt
r9,public,baseline,5,9,21,BenchmarkValidateSmallInvalidDocument,,BenchmarkValidateSmallInvalidDocument,17713,13433,77840,59,paired,,r9-public-5-baseline.txt
r9,public,baseline,5,9,21,BenchmarkValidateManyRecoverablePathErrors,,BenchmarkValidateManyRecoverablePathErrors,2490,102438,110352,631,paired,,r9-public-5-baseline.txt
r9,public,baseline,5,9,21,BenchmarkValidateDeeplyNestedDocument,,BenchmarkValidateDeeplyNestedDocument,1749,133723,184288,311,paired,,r9-public-5-baseline.txt
r9,public,baseline,5,9,21,BenchmarkSessionValidateDeepThenShallow,,BenchmarkSessionValidateDeepThenShallow,308203,766.8,32,1,paired,,r9-public-5-baseline.txt
r9,public,baseline,5,9,21,BenchmarkValidateDuplicateAttributes,,BenchmarkValidateDuplicateAttributes,658,360598,612000,1604,paired,,r9-public-5-baseline.txt
r9,public,baseline,5,9,21,BenchmarkCompileDuplicateSchemaSources,,BenchmarkCompileDuplicateSchemaSources,475,495006,1236932,894,paired,,r9-public-5-baseline.txt
r9,public,baseline,5,9,21,BenchmarkCompileIncludeGraph,,BenchmarkCompileIncludeGraph,162,1470889,7037042,6812,paired,,r9-public-5-baseline.txt
r9,public,baseline,5,9,21,BenchmarkCompileChameleonTargetFanout/targets_1,,BenchmarkCompileChameleonTargetFanout/targets_1,1512,154308,312904,489,paired,,r9-public-5-baseline.txt
r9,public,baseline,5,9,21,BenchmarkCompileChameleonTargetFanout/targets_8,,BenchmarkCompileChameleonTargetFanout/targets_8,886,279412,903504,1143,paired,,r9-public-5-baseline.txt
r9,public,baseline,5,9,21,BenchmarkCompileChameleonTargetFanout/targets_32,,BenchmarkCompileChameleonTargetFanout/targets_32,333,719966,2923409,3181,paired,,r9-public-5-baseline.txt
r9,public,baseline,5,9,21,BenchmarkCompileSchemaText,,BenchmarkCompileSchemaText,747,323198,1140336,360,paired,,r9-public-5-baseline.txt
r9,public,baseline,5,9,21,BenchmarkValidateIdentityConstraints,,BenchmarkValidateIdentityConstraints,752,315288,172344,610,paired,,r9-public-5-baseline.txt
r9,public,baseline,5,9,21,BenchmarkValidateIdentityConstraintsRows/rows_10,,BenchmarkValidateIdentityConstraintsRows/rows_10,5773,41339,87048,130,paired,,r9-public-5-baseline.txt
r9,public,baseline,5,9,21,BenchmarkValidateIdentityConstraintsRows/rows_100,,BenchmarkValidateIdentityConstraintsRows/rows_100,772,306765,172344,610,paired,,r9-public-5-baseline.txt
r9,public,baseline,5,9,21,BenchmarkValidateIdentityConstraintsRows/rows_1000,,BenchmarkValidateIdentityConstraintsRows/rows_1000,99,2911982,1057826,5149,paired,,r9-public-5-baseline.txt
r9,public,baseline,5,9,21,BenchmarkSessionValidateIdentityConstraintsRows/rows_10,,BenchmarkSessionValidateIdentityConstraintsRows/rows_10,10000,26956,4168,42,paired,,r9-public-5-baseline.txt
r9,public,baseline,5,9,21,BenchmarkSessionValidateIdentityConstraintsRows/rows_100,,BenchmarkSessionValidateIdentityConstraintsRows/rows_100,985,266627,37717,321,paired,,r9-public-5-baseline.txt
r9,public,baseline,5,9,21,BenchmarkSessionValidateIdentityConstraintsRows/rows_1000,,BenchmarkSessionValidateIdentityConstraintsRows/rows_1000,94,2875445,445757,4022,paired,,r9-public-5-baseline.txt
r9,public,baseline,5,9,21,BenchmarkValidateIdentityConstraintsFields/fields_1,,BenchmarkValidateIdentityConstraintsFields/fields_1,1255,199133,124920,473,paired,,r9-public-5-baseline.txt
r9,public,baseline,5,9,21,BenchmarkValidateIdentityConstraintsFields/fields_3,,BenchmarkValidateIdentityConstraintsFields/fields_3,589,372783,165816,1190,paired,,r9-public-5-baseline.txt
r9,public,baseline,5,9,21,BenchmarkValidateIdentityConstraintsFields/fields_8,,BenchmarkValidateIdentityConstraintsFields/fields_8,315,729299,232080,2424,paired,,r9-public-5-baseline.txt
r9,public,baseline,5,9,21,BenchmarkSessionValidateNestedIdentitySelections/depth_16,,BenchmarkSessionValidateNestedIdentitySelections/depth_16,8156,31157,4122,27,paired,,r9-public-5-baseline.txt
r9,public,baseline,5,9,21,BenchmarkSessionValidateNestedIdentitySelections/depth_64,,BenchmarkSessionValidateNestedIdentitySelections/depth_64,1369,186780,17166,79,paired,,r9-public-5-baseline.txt
r9,public,baseline,5,9,21,BenchmarkSessionValidateNestedIdentitySelections/depth_256,,BenchmarkSessionValidateNestedIdentitySelections/depth_256,135,1767423,71167,279,paired,,r9-public-5-baseline.txt
r9,public,baseline,5,9,21,BenchmarkSessionValidateNestedIdentitySelectionPaths,,BenchmarkSessionValidateNestedIdentitySelectionPaths,771,311505,131268,3,paired,,r9-public-5-baseline.txt
r9,public,baseline,5,9,21,BenchmarkSessionValidateRetainedIdentityPaths,,BenchmarkSessionValidateRetainedIdentityPaths,85,3210648,651925,4025,paired,,r9-public-5-baseline.txt
r9,public,baseline,5,9,21,BenchmarkSessionValidateDisjointIdentityPaths/lexical,,BenchmarkSessionValidateDisjointIdentityPaths/lexical,13,18644663,180278,303,paired,,r9-public-5-baseline.txt
r9,public,baseline,5,9,21,BenchmarkSessionValidateDisjointIdentityPaths/expanded,,BenchmarkSessionValidateDisjointIdentityPaths/expanded,7,28675923,163123,348,paired,,r9-public-5-baseline.txt
r9,public,baseline,5,9,21,BenchmarkSessionValidateDisjointIdentityPaths/expanded_distinct_namespaces,,BenchmarkSessionValidateDisjointIdentityPaths/expanded_distinct_namespaces,6,38410042,3348497,32998,paired,,r9-public-5-baseline.txt
r9,public,baseline,5,9,21,BenchmarkSessionValidateDisjointIdentityPaths/expanded_distinct_control,,BenchmarkSessionValidateDisjointIdentityPaths/expanded_distinct_control,6,33552160,550936,32445,paired,,r9-public-5-baseline.txt
r9,public,baseline,5,9,21,BenchmarkSessionValidateExpandedIdentityPaths,,BenchmarkSessionValidateExpandedIdentityPaths,100,2046205,359797,2528,paired,,r9-public-5-baseline.txt
r9,public,baseline,5,9,21,BenchmarkSessionValidateSharedExpandedIdentityPrefix/identity,,BenchmarkSessionValidateSharedExpandedIdentityPrefix/identity,10,21239304,4743599,19811,paired,,r9-public-5-baseline.txt
r9,public,baseline,5,9,21,BenchmarkSessionValidateSharedExpandedIdentityPrefix/control,,BenchmarkSessionValidateSharedExpandedIdentityPrefix/control,20,11984871,5249,19,paired,,r9-public-5-baseline.txt
r9,public,baseline,5,9,21,BenchmarkCompileCountedChoiceDFA/small,,BenchmarkCompileCountedChoiceDFA/small,1363,181173,193329,752,paired,,r9-public-5-baseline.txt
r9,public,baseline,5,9,21,BenchmarkCompileCountedChoiceDFA/medium,,BenchmarkCompileCountedChoiceDFA/medium,1000,246927,259461,1402,paired,,r9-public-5-baseline.txt
r9,public,baseline,5,9,21,BenchmarkCompileCountedChoiceDFA/large,,BenchmarkCompileCountedChoiceDFA/large,628,364397,360035,2331,paired,,r9-public-5-baseline.txt
r9,public,baseline,5,9,21,BenchmarkCompileSubstitutionGroups,,BenchmarkCompileSubstitutionGroups,352,683814,460032,1621,paired,,r9-public-5-baseline.txt
r9,public,baseline,5,9,21,BenchmarkCompileAttributeGroupFanout/refs_1,,BenchmarkCompileAttributeGroupFanout/refs_1,1726,147799,164816,416,paired,,r9-public-5-baseline.txt
r9,public,baseline,5,9,21,BenchmarkCompileAttributeGroupFanout/refs_10,,BenchmarkCompileAttributeGroupFanout/refs_10,1122,211656,204440,756,paired,,r9-public-5-baseline.txt
r9,public,baseline,5,9,21,BenchmarkCompileAttributeGroupFanout/refs_100,,BenchmarkCompileAttributeGroupFanout/refs_100,291,815199,655064,3564,paired,,r9-public-5-baseline.txt
r9,public,baseline,5,9,21,BenchmarkCompileAttributeGroupFanout/refs_1000,,BenchmarkCompileAttributeGroupFanout/refs_1000,36,7075168,5075472,30004,paired,,r9-public-5-baseline.txt
r9,public,baseline,5,9,21,BenchmarkCompileRegexCategoryEscapes,,BenchmarkCompileRegexCategoryEscapes,78,3083654,6693492,9768,paired,,r9-public-5-baseline.txt
r9,public,baseline,5,9,21,BenchmarkCompileDeepSimpleTypeChain,,BenchmarkCompileDeepSimpleTypeChain,30,8733107,2268158,8478,paired,,r9-public-5-baseline.txt
r9,public,baseline,5,9,21,BenchmarkCompileRepeatedNestedUnionMembers,,BenchmarkCompileRepeatedNestedUnionMembers,208,1121246,830432,4784,paired,,r9-public-5-baseline.txt
r9,public,baseline,5,9,21,BenchmarkCompileOpaqueAnnotationPayload,,BenchmarkCompileOpaqueAnnotationPayload,222,1083709,361384,2874,paired,,r9-public-5-baseline.txt
r9,public,baseline,5,9,21,BenchmarkSessionValidateUndeclaredRootXSIType,,BenchmarkSessionValidateUndeclaredRootXSIType,157771,1606,32,1,paired,,r9-public-5-baseline.txt
r9,public,baseline,5,9,21,BenchmarkCompileSourceDocuments/distinct,,BenchmarkCompileSourceDocuments/distinct,139,1701994,10181557,8054,paired,,r9-public-5-baseline.txt
r9,public,baseline,5,9,21,BenchmarkCompileSourceDocuments/duplicate_identity,,BenchmarkCompileSourceDocuments/duplicate_identity,100,2465203,10625096,13699,paired,,r9-public-5-baseline.txt
r9,public,baseline,5,9,21,BenchmarkCompileStreamingSource/4096B,,BenchmarkCompileStreamingSource/4096B,1182,205589,166840,361,paired,,r9-public-5-baseline.txt
r9,public,baseline,5,9,21,BenchmarkCompileStreamingSource/1048576B,,BenchmarkCompileStreamingSource/1048576B,14,15250804,2384441,376,paired,,r9-public-5-baseline.txt
r9,public,baseline,5,9,21,BenchmarkCompileStreamingSource/16777216B,,BenchmarkCompileStreamingSource/16777216B,1,229924875,36381256,383,paired,,r9-public-5-baseline.txt
r9,public,baseline,5,9,21,BenchmarkSessionValidateUnionLateMember,,BenchmarkSessionValidateUnionLateMember,1477,164078,32,1,paired,matching public API workload added in both snapshots,r9-public-5-baseline.txt
r9,public,current,5,10,22,BenchmarkSessionValidateAllContent/4,,BenchmarkSessionValidateAllContent/4,96758,2645,0,0,paired,,r9-public-5-current.txt
r9,public,current,5,10,22,BenchmarkSessionValidateAllContent/16,,BenchmarkSessionValidateAllContent/16,26764,8922,0,0,paired,,r9-public-5-current.txt
r9,public,current,5,10,22,BenchmarkSessionValidateAllContent/64,,BenchmarkSessionValidateAllContent/64,7291,34479,0,0,paired,,r9-public-5-current.txt
r9,public,current,5,10,22,BenchmarkSessionValidateAllContent/256,,BenchmarkSessionValidateAllContent/256,1872,133056,0,0,paired,,r9-public-5-current.txt
r9,public,current,5,10,22,BenchmarkSessionValidateAllContent/1024,,BenchmarkSessionValidateAllContent/1024,429,541365,1960,513,paired,,r9-public-5-current.txt
r9,public,current,5,10,22,BenchmarkCompileSmallSchema,,BenchmarkCompileSmallSchema,2187,98222,198809,569,paired,,r9-public-5-current.txt
r9,public,current,5,10,22,BenchmarkCompileAndFirstSession,,BenchmarkCompileAndFirstSession,2418,103038,272549,571,paired,,r9-public-5-current.txt
r9,public,current,5,10,22,BenchmarkValidateRepeatedSmallDocument,,BenchmarkValidateRepeatedSmallDocument,808,310617,76080,28,paired,,r9-public-5-current.txt
r9,public,current,5,10,22,BenchmarkSessionValidateRepeatedSmallDocument,,BenchmarkSessionValidateRepeatedSmallDocument,871,316786,34,1,paired,,r9-public-5-current.txt
r9,public,current,5,10,22,BenchmarkSessionValidateNamespaceAdmissionChurn/depth_16/churn_false,,BenchmarkSessionValidateNamespaceAdmissionChurn/depth_16/churn_false,33062,7201,32,1,paired,,r9-public-5-current.txt
r9,public,current,5,10,22,BenchmarkSessionValidateNamespaceAdmissionChurn/depth_16/churn_true,,BenchmarkSessionValidateNamespaceAdmissionChurn/depth_16/churn_true,19056,12671,32,1,paired,,r9-public-5-current.txt
r9,public,current,5,10,22,BenchmarkSessionValidateNamespaceAdmissionChurn/depth_64/churn_false,,BenchmarkSessionValidateNamespaceAdmissionChurn/depth_64/churn_false,8544,27283,32,1,paired,,r9-public-5-current.txt
r9,public,current,5,10,22,BenchmarkSessionValidateNamespaceAdmissionChurn/depth_64/churn_true,,BenchmarkSessionValidateNamespaceAdmissionChurn/depth_64/churn_true,4878,48037,32,1,paired,,r9-public-5-current.txt
r9,public,current,5,10,22,BenchmarkSessionValidateNamespaceAdmissionChurn/depth_256/churn_false,,BenchmarkSessionValidateNamespaceAdmissionChurn/depth_256/churn_false,2310,103964,32,1,paired,,r9-public-5-current.txt
r9,public,current,5,10,22,BenchmarkSessionValidateNamespaceAdmissionChurn/depth_256/churn_true,,BenchmarkSessionValidateNamespaceAdmissionChurn/depth_256/churn_true,1290,188688,32,1,paired,,r9-public-5-current.txt
r9,public,current,5,10,22,BenchmarkSessionValidateRepeatedXSIType,,BenchmarkSessionValidateRepeatedXSIType,2907,85576,32,1,paired,,r9-public-5-current.txt
r9,public,current,5,10,22,BenchmarkSessionValidateIDAttributeStart,,BenchmarkSessionValidateIDAttributeStart,2416,102881,840,101,paired,,r9-public-5-current.txt
r9,public,current,5,10,22,BenchmarkSessionValidateSimpleIDEnd,,BenchmarkSessionValidateSimpleIDEnd,2624,88744,832,101,paired,,r9-public-5-current.txt
r9,public,current,5,10,22,BenchmarkSessionValidateRepeatedQNameValues,,BenchmarkSessionValidateRepeatedQNameValues,3140,75402,32,1,paired,,r9-public-5-current.txt
r9,public,current,5,10,22,BenchmarkSessionValidateRepeatedLaxWildcard,,BenchmarkSessionValidateRepeatedLaxWildcard,184448,1391,32,1,paired,,r9-public-5-current.txt
r9,public,current,5,10,22,BenchmarkSessionValidateStringLengthFacet,,BenchmarkSessionValidateStringLengthFacet,39962,6012,32,1,paired,,r9-public-5-current.txt
r9,public,current,5,10,22,BenchmarkSessionValidateWideChoice,,BenchmarkSessionValidateWideChoice,100,2305910,236,3,paired,,r9-public-5-current.txt
r9,public,current,5,10,22,BenchmarkValidateSubstitutionGroup,,BenchmarkValidateSubstitutionGroup,362,677705,76840,37,paired,,r9-public-5-current.txt
r9,public,current,5,10,22,BenchmarkSessionValidateDateDecimalRows,,BenchmarkSessionValidateDateDecimalRows,1345,173404,33,1,paired,,r9-public-5-current.txt
r9,public,current,5,10,22,BenchmarkValidateSmallInvalidDocument,,BenchmarkValidateSmallInvalidDocument,21889,10889,77096,48,paired,,r9-public-5-current.txt
r9,public,current,5,10,22,BenchmarkValidateManyRecoverablePathErrors,,BenchmarkValidateManyRecoverablePathErrors,2661,94796,110080,627,paired,,r9-public-5-current.txt
r9,public,current,5,10,22,BenchmarkValidateDeeplyNestedDocument,,BenchmarkValidateDeeplyNestedDocument,2203,105422,159456,174,paired,,r9-public-5-current.txt
r9,public,current,5,10,22,BenchmarkSessionValidateDeepThenShallow,,BenchmarkSessionValidateDeepThenShallow,365205,652,32,1,paired,,r9-public-5-current.txt
r9,public,current,5,10,22,BenchmarkValidateDuplicateAttributes,,BenchmarkValidateDuplicateAttributes,710,341254,586985,1083,paired,,r9-public-5-current.txt
r9,public,current,5,10,22,BenchmarkCompileDuplicateSchemaSources,,BenchmarkCompileDuplicateSchemaSources,1010,242960,221832,444,paired,,r9-public-5-current.txt
r9,public,current,5,10,22,BenchmarkCompileIncludeGraph,,BenchmarkCompileIncludeGraph,273,862089,767408,3623,paired,,r9-public-5-current.txt
r9,public,current,5,10,22,BenchmarkCompileChameleonTargetFanout/targets_1,,BenchmarkCompileChameleonTargetFanout/targets_1,3553,62470,132584,340,paired,,r9-public-5-current.txt
r9,public,current,5,10,22,BenchmarkCompileChameleonTargetFanout/targets_8,,BenchmarkCompileChameleonTargetFanout/targets_8,1857,132187,197880,696,paired,,r9-public-5-current.txt
r9,public,current,5,10,22,BenchmarkCompileChameleonTargetFanout/targets_32,,BenchmarkCompileChameleonTargetFanout/targets_32,644,377388,427257,1703,paired,,r9-public-5-current.txt
r9,public,current,5,10,22,BenchmarkCompileSchemaText,,BenchmarkCompileSchemaText,690,328929,1379592,282,paired,,r9-public-5-current.txt
r9,public,current,5,10,22,BenchmarkValidateIdentityConstraints,,BenchmarkValidateIdentityConstraints,878,274562,167120,501,paired,,r9-public-5-current.txt
r9,public,current,5,10,22,BenchmarkValidateIdentityConstraintsRows/rows_10,,BenchmarkValidateIdentityConstraintsRows/rows_10,6882,37022,86512,114,paired,,r9-public-5-current.txt
r9,public,current,5,10,22,BenchmarkValidateIdentityConstraintsRows/rows_100,,BenchmarkValidateIdentityConstraintsRows/rows_100,855,282973,167120,501,paired,,r9-public-5-current.txt
r9,public,current,5,10,22,BenchmarkValidateIdentityConstraintsRows/rows_1000,,BenchmarkValidateIdentityConstraintsRows/rows_1000,100,2821089,1034969,4626,paired,,r9-public-5-current.txt
r9,public,current,5,10,22,BenchmarkSessionValidateIdentityConstraintsRows/rows_10,,BenchmarkSessionValidateIdentityConstraintsRows/rows_10,10000,25362,4168,42,paired,,r9-public-5-current.txt
r9,public,current,5,10,22,BenchmarkSessionValidateIdentityConstraintsRows/rows_100,,BenchmarkSessionValidateIdentityConstraintsRows/rows_100,957,262018,37714,321,paired,,r9-public-5-current.txt
r9,public,current,5,10,22,BenchmarkSessionValidateIdentityConstraintsRows/rows_1000,,BenchmarkSessionValidateIdentityConstraintsRows/rows_1000,99,2534382,445234,4016,paired,,r9-public-5-current.txt
r9,public,current,5,10,22,BenchmarkValidateIdentityConstraintsFields/fields_1,,BenchmarkValidateIdentityConstraintsFields/fields_1,1564,159460,119648,363,paired,,r9-public-5-current.txt
r9,public,current,5,10,22,BenchmarkValidateIdentityConstraintsFields/fields_3,,BenchmarkValidateIdentityConstraintsFields/fields_3,878,276151,153920,876,paired,,r9-public-5-current.txt
r9,public,current,5,10,22,BenchmarkValidateIdentityConstraintsFields/fields_8,,BenchmarkValidateIdentityConstraintsFields/fields_8,408,618648,208696,1891,paired,,r9-public-5-current.txt
r9,public,current,5,10,22,BenchmarkSessionValidateNestedIdentitySelections/depth_16,,BenchmarkSessionValidateNestedIdentitySelections/depth_16,9294,29754,4121,27,paired,,r9-public-5-current.txt
r9,public,current,5,10,22,BenchmarkSessionValidateNestedIdentitySelections/depth_64,,BenchmarkSessionValidateNestedIdentitySelections/depth_64,1550,172111,17152,79,paired,,r9-public-5-current.txt
r9,public,current,5,10,22,BenchmarkSessionValidateNestedIdentitySelections/depth_256,,BenchmarkSessionValidateNestedIdentitySelections/depth_256,153,1554401,70626,277,paired,,r9-public-5-current.txt
r9,public,current,5,10,22,BenchmarkSessionValidateNestedIdentitySelectionPaths,,BenchmarkSessionValidateNestedIdentitySelectionPaths,774,308485,131256,3,paired,,r9-public-5-current.txt
r9,public,current,5,10,22,BenchmarkSessionValidateRetainedIdentityPaths,,BenchmarkSessionValidateRetainedIdentityPaths,100,2798968,650621,4018,paired,,r9-public-5-current.txt
r9,public,current,5,10,22,BenchmarkSessionValidateDisjointIdentityPaths/lexical,,BenchmarkSessionValidateDisjointIdentityPaths/lexical,15,15282078,176026,279,paired,,r9-public-5-current.txt
r9,public,current,5,10,22,BenchmarkSessionValidateDisjointIdentityPaths/expanded,,BenchmarkSessionValidateDisjointIdentityPaths/expanded,8,27746614,155217,302,paired,,r9-public-5-current.txt
r9,public,current,5,10,22,BenchmarkSessionValidateDisjointIdentityPaths/expanded_distinct_namespaces,,BenchmarkSessionValidateDisjointIdentityPaths/expanded_distinct_namespaces,6,40367444,3341497,32909,paired,,r9-public-5-current.txt
r9,public,current,5,10,22,BenchmarkSessionValidateDisjointIdentityPaths/expanded_distinct_control,,BenchmarkSessionValidateDisjointIdentityPaths/expanded_distinct_control,7,33721762,539970,32343,paired,,r9-public-5-current.txt
r9,public,current,5,10,22,BenchmarkSessionValidateExpandedIdentityPaths,,BenchmarkSessionValidateExpandedIdentityPaths,121,1979114,358874,2521,paired,,r9-public-5-current.txt
r9,public,current,5,10,22,BenchmarkSessionValidateSharedExpandedIdentityPrefix/identity,,BenchmarkSessionValidateSharedExpandedIdentityPrefix/identity,12,19959271,4737371,19740,paired,,r9-public-5-current.txt
r9,public,current,5,10,22,BenchmarkSessionValidateSharedExpandedIdentityPrefix/control,,BenchmarkSessionValidateSharedExpandedIdentityPrefix/control,20,10999744,4498,12,paired,,r9-public-5-current.txt
r9,public,current,5,10,22,BenchmarkCompileCountedChoiceDFA/small,,BenchmarkCompileCountedChoiceDFA/small,2630,82269,165144,661,paired,,r9-public-5-current.txt
r9,public,current,5,10,22,BenchmarkCompileCountedChoiceDFA/medium,,BenchmarkCompileCountedChoiceDFA/medium,1831,136774,231732,1263,paired,,r9-public-5-current.txt
r9,public,current,5,10,22,BenchmarkCompileCountedChoiceDFA/large,,BenchmarkCompileCountedChoiceDFA/large,1032,235130,331769,2149,paired,,r9-public-5-current.txt
r9,public,current,5,10,22,BenchmarkCompileSubstitutionGroups,,BenchmarkCompileSubstitutionGroups,343,708522,547112,1547,paired,,r9-public-5-current.txt
r9,public,current,5,10,22,BenchmarkCompileAttributeGroupFanout/refs_1,,BenchmarkCompileAttributeGroupFanout/refs_1,3853,58875,133536,338,paired,,r9-public-5-current.txt
r9,public,current,5,10,22,BenchmarkCompileAttributeGroupFanout/refs_10,,BenchmarkCompileAttributeGroupFanout/refs_10,2102,119647,172216,644,paired,,r9-public-5-current.txt
r9,public,current,5,10,22,BenchmarkCompileAttributeGroupFanout/refs_100,,BenchmarkCompileAttributeGroupFanout/refs_100,342,693243,611144,3092,paired,,r9-public-5-current.txt
r9,public,current,5,10,22,BenchmarkCompileAttributeGroupFanout/refs_1000,,BenchmarkCompileAttributeGroupFanout/refs_1000,34,6633154,5125014,27428,paired,,r9-public-5-current.txt
r9,public,current,5,10,22,BenchmarkCompileRegexCategoryEscapes,,BenchmarkCompileRegexCategoryEscapes,100,2570395,8319184,5415,paired,,r9-public-5-current.txt
r9,public,current,5,10,22,BenchmarkCompileDeepSimpleTypeChain,,BenchmarkCompileDeepSimpleTypeChain,62,4353513,2369618,12899,paired,,r9-public-5-current.txt
r9,public,current,5,10,22,BenchmarkCompileRepeatedNestedUnionMembers,,BenchmarkCompileRepeatedNestedUnionMembers,200,1207352,810960,5228,paired,,r9-public-5-current.txt
r9,public,current,5,10,22,BenchmarkCompileOpaqueAnnotationPayload,,BenchmarkCompileOpaqueAnnotationPayload,255,930131,258192,1279,paired,,r9-public-5-current.txt
r9,public,current,5,10,22,BenchmarkSessionValidateUndeclaredRootXSIType,,BenchmarkSessionValidateUndeclaredRootXSIType,151209,1567,32,1,paired,,r9-public-5-current.txt
r9,public,current,5,10,22,BenchmarkCompileSourceDocuments/distinct,,BenchmarkCompileSourceDocuments/distinct,330,718571,690856,3029,paired,,r9-public-5-current.txt
r9,public,current,5,10,22,BenchmarkCompileSourceDocuments/duplicate_identity,,BenchmarkCompileSourceDocuments/duplicate_identity,175,1377037,1232712,5887,paired,,r9-public-5-current.txt
r9,public,current,5,10,22,BenchmarkCompileStreamingSource/4096B,,BenchmarkCompileStreamingSource/4096B,3338,70235,125776,275,paired,,r9-public-5-current.txt
r9,public,current,5,10,22,BenchmarkCompileStreamingSource/1048576B,,BenchmarkCompileStreamingSource/1048576B,42,5977111,125776,275,paired,,r9-public-5-current.txt
r9,public,current,5,10,22,BenchmarkCompileStreamingSource/16777216B,,BenchmarkCompileStreamingSource/16777216B,3,95901319,125776,275,paired,,r9-public-5-current.txt
r9,public,current,5,10,22,BenchmarkSessionValidateUnionLateMember,,BenchmarkSessionValidateUnionLateMember,1464,161685,32,1,paired,matching public API workload added in both snapshots,r9-public-5-current.txt
r9,public,baseline,6,11,24,BenchmarkSessionValidateAllContent/4,,BenchmarkSessionValidateAllContent/4,87270,2815,0,0,paired,,r9-public-6-baseline.txt
r9,public,baseline,6,11,24,BenchmarkSessionValidateAllContent/16,,BenchmarkSessionValidateAllContent/16,22716,10562,0,0,paired,,r9-public-6-baseline.txt
r9,public,baseline,6,11,24,BenchmarkSessionValidateAllContent/64,,BenchmarkSessionValidateAllContent/64,4670,53030,0,0,paired,,r9-public-6-baseline.txt
r9,public,baseline,6,11,24,BenchmarkSessionValidateAllContent/256,,BenchmarkSessionValidateAllContent/256,589,401129,0,0,paired,,r9-public-6-baseline.txt
r9,public,baseline,6,11,24,BenchmarkSessionValidateAllContent/1024,,BenchmarkSessionValidateAllContent/1024,45,4681052,1960,513,paired,,r9-public-6-baseline.txt
r9,public,baseline,6,11,24,BenchmarkCompileSmallSchema,,BenchmarkCompileSmallSchema,1176,195985,206075,625,paired,,r9-public-6-baseline.txt
r9,public,baseline,6,11,24,BenchmarkCompileAndFirstSession,,BenchmarkCompileAndFirstSession,1220,195984,279815,627,paired,,r9-public-6-baseline.txt
r9,public,baseline,6,11,24,BenchmarkValidateRepeatedSmallDocument,,BenchmarkValidateRepeatedSmallDocument,795,311704,76808,38,paired,,r9-public-6-baseline.txt
r9,public,baseline,6,11,24,BenchmarkSessionValidateRepeatedSmallDocument,,BenchmarkSessionValidateRepeatedSmallDocument,822,282216,35,1,paired,,r9-public-6-baseline.txt
r9,public,baseline,6,11,24,BenchmarkSessionValidateNamespaceAdmissionChurn/depth_16/churn_false,,BenchmarkSessionValidateNamespaceAdmissionChurn/depth_16/churn_false,30384,8014,32,1,paired,,r9-public-6-baseline.txt
r9,public,baseline,6,11,24,BenchmarkSessionValidateNamespaceAdmissionChurn/depth_16/churn_true,,BenchmarkSessionValidateNamespaceAdmissionChurn/depth_16/churn_true,17919,13383,32,1,paired,,r9-public-6-baseline.txt
r9,public,baseline,6,11,24,BenchmarkSessionValidateNamespaceAdmissionChurn/depth_64/churn_false,,BenchmarkSessionValidateNamespaceAdmissionChurn/depth_64/churn_false,7938,31529,32,1,paired,,r9-public-6-baseline.txt
r9,public,baseline,6,11,24,BenchmarkSessionValidateNamespaceAdmissionChurn/depth_64/churn_true,,BenchmarkSessionValidateNamespaceAdmissionChurn/depth_64/churn_true,4562,51711,32,1,paired,,r9-public-6-baseline.txt
r9,public,baseline,6,11,24,BenchmarkSessionValidateNamespaceAdmissionChurn/depth_256/churn_false,,BenchmarkSessionValidateNamespaceAdmissionChurn/depth_256/churn_false,2035,118675,32,1,paired,,r9-public-6-baseline.txt
r9,public,baseline,6,11,24,BenchmarkSessionValidateNamespaceAdmissionChurn/depth_256/churn_true,,BenchmarkSessionValidateNamespaceAdmissionChurn/depth_256/churn_true,1172,205185,32,1,paired,,r9-public-6-baseline.txt
r9,public,baseline,6,11,24,BenchmarkSessionValidateRepeatedXSIType,,BenchmarkSessionValidateRepeatedXSIType,2481,92459,33,1,paired,,r9-public-6-baseline.txt
r9,public,baseline,6,11,24,BenchmarkSessionValidateIDAttributeStart,,BenchmarkSessionValidateIDAttributeStart,1755,127908,840,101,paired,,r9-public-6-baseline.txt
r9,public,baseline,6,11,24,BenchmarkSessionValidateSimpleIDEnd,,BenchmarkSessionValidateSimpleIDEnd,2112,114314,832,101,paired,,r9-public-6-baseline.txt
r9,public,baseline,6,11,24,BenchmarkSessionValidateRepeatedQNameValues,,BenchmarkSessionValidateRepeatedQNameValues,1376,174927,33,1,paired,,r9-public-6-baseline.txt
r9,public,baseline,6,11,24,BenchmarkSessionValidateRepeatedLaxWildcard,,BenchmarkSessionValidateRepeatedLaxWildcard,163441,1414,32,1,paired,,r9-public-6-baseline.txt
r9,public,baseline,6,11,24,BenchmarkSessionValidateStringLengthFacet,,BenchmarkSessionValidateStringLengthFacet,24410,9803,32,1,paired,,r9-public-6-baseline.txt
r9,public,baseline,6,11,24,BenchmarkSessionValidateWideChoice,,BenchmarkSessionValidateWideChoice,88,2594945,401,5,paired,,r9-public-6-baseline.txt
r9,public,baseline,6,11,24,BenchmarkValidateSubstitutionGroup,,BenchmarkValidateSubstitutionGroup,344,734716,78272,60,paired,,r9-public-6-baseline.txt
r9,public,baseline,6,11,24,BenchmarkSessionValidateDateDecimalRows,,BenchmarkSessionValidateDateDecimalRows,1267,189588,34,1,paired,,r9-public-6-baseline.txt
r9,public,baseline,6,11,24,BenchmarkValidateSmallInvalidDocument,,BenchmarkValidateSmallInvalidDocument,16737,14324,77840,59,paired,,r9-public-6-baseline.txt
r9,public,baseline,6,11,24,BenchmarkValidateManyRecoverablePathErrors,,BenchmarkValidateManyRecoverablePathErrors,2456,101822,110352,631,paired,,r9-public-6-baseline.txt
r9,public,baseline,6,11,24,BenchmarkValidateDeeplyNestedDocument,,BenchmarkValidateDeeplyNestedDocument,1864,123654,184288,311,paired,,r9-public-6-baseline.txt
r9,public,baseline,6,11,24,BenchmarkSessionValidateDeepThenShallow,,BenchmarkSessionValidateDeepThenShallow,316896,747,32,1,paired,,r9-public-6-baseline.txt
r9,public,baseline,6,11,24,BenchmarkValidateDuplicateAttributes,,BenchmarkValidateDuplicateAttributes,710,338697,612000,1604,paired,,r9-public-6-baseline.txt
r9,public,baseline,6,11,24,BenchmarkCompileDuplicateSchemaSources,,BenchmarkCompileDuplicateSchemaSources,535,464695,1236932,894,paired,,r9-public-6-baseline.txt
r9,public,baseline,6,11,24,BenchmarkCompileIncludeGraph,,BenchmarkCompileIncludeGraph,157,1531601,7037042,6812,paired,,r9-public-6-baseline.txt
r9,public,baseline,6,11,24,BenchmarkCompileChameleonTargetFanout/targets_1,,BenchmarkCompileChameleonTargetFanout/targets_1,1395,161964,312904,489,paired,,r9-public-6-baseline.txt
r9,public,baseline,6,11,24,BenchmarkCompileChameleonTargetFanout/targets_8,,BenchmarkCompileChameleonTargetFanout/targets_8,807,289253,903504,1143,paired,,r9-public-6-baseline.txt
r9,public,baseline,6,11,24,BenchmarkCompileChameleonTargetFanout/targets_32,,BenchmarkCompileChameleonTargetFanout/targets_32,332,711013,2923409,3181,paired,,r9-public-6-baseline.txt
r9,public,baseline,6,11,24,BenchmarkCompileSchemaText,,BenchmarkCompileSchemaText,709,326513,1140336,360,paired,,r9-public-6-baseline.txt
r9,public,baseline,6,11,24,BenchmarkValidateIdentityConstraints,,BenchmarkValidateIdentityConstraints,811,296274,172344,610,paired,,r9-public-6-baseline.txt
r9,public,baseline,6,11,24,BenchmarkValidateIdentityConstraintsRows/rows_10,,BenchmarkValidateIdentityConstraintsRows/rows_10,6278,39183,87048,130,paired,,r9-public-6-baseline.txt
r9,public,baseline,6,11,24,BenchmarkValidateIdentityConstraintsRows/rows_100,,BenchmarkValidateIdentityConstraintsRows/rows_100,799,308850,172344,610,paired,,r9-public-6-baseline.txt
r9,public,baseline,6,11,24,BenchmarkValidateIdentityConstraintsRows/rows_1000,,BenchmarkValidateIdentityConstraintsRows/rows_1000,97,3057366,1057826,5149,paired,,r9-public-6-baseline.txt
r9,public,baseline,6,11,24,BenchmarkSessionValidateIdentityConstraintsRows/rows_10,,BenchmarkSessionValidateIdentityConstraintsRows/rows_10,10000,27585,4168,42,paired,,r9-public-6-baseline.txt
r9,public,baseline,6,11,24,BenchmarkSessionValidateIdentityConstraintsRows/rows_100,,BenchmarkSessionValidateIdentityConstraintsRows/rows_100,890,276473,37724,321,paired,,r9-public-6-baseline.txt
r9,public,baseline,6,11,24,BenchmarkSessionValidateIdentityConstraintsRows/rows_1000,,BenchmarkSessionValidateIdentityConstraintsRows/rows_1000,94,2809429,445757,4022,paired,,r9-public-6-baseline.txt
r9,public,baseline,6,11,24,BenchmarkValidateIdentityConstraintsFields/fields_1,,BenchmarkValidateIdentityConstraintsFields/fields_1,1346,179319,124920,473,paired,,r9-public-6-baseline.txt
r9,public,baseline,6,11,24,BenchmarkValidateIdentityConstraintsFields/fields_3,,BenchmarkValidateIdentityConstraintsFields/fields_3,733,331575,165816,1190,paired,,r9-public-6-baseline.txt
r9,public,baseline,6,11,24,BenchmarkValidateIdentityConstraintsFields/fields_8,,BenchmarkValidateIdentityConstraintsFields/fields_8,336,711731,232080,2424,paired,,r9-public-6-baseline.txt
r9,public,baseline,6,11,24,BenchmarkSessionValidateNestedIdentitySelections/depth_16,,BenchmarkSessionValidateNestedIdentitySelections/depth_16,8224,32176,4122,27,paired,,r9-public-6-baseline.txt
r9,public,baseline,6,11,24,BenchmarkSessionValidateNestedIdentitySelections/depth_64,,BenchmarkSessionValidateNestedIdentitySelections/depth_64,1323,191321,17168,79,paired,,r9-public-6-baseline.txt
r9,public,baseline,6,11,24,BenchmarkSessionValidateNestedIdentitySelections/depth_256,,BenchmarkSessionValidateNestedIdentitySelections/depth_256,134,1786072,71183,279,paired,,r9-public-6-baseline.txt
r9,public,baseline,6,11,24,BenchmarkSessionValidateNestedIdentitySelectionPaths,,BenchmarkSessionValidateNestedIdentitySelectionPaths,769,305254,131269,3,paired,,r9-public-6-baseline.txt
r9,public,baseline,6,11,24,BenchmarkSessionValidateRetainedIdentityPaths,,BenchmarkSessionValidateRetainedIdentityPaths,88,3072814,651680,4024,paired,,r9-public-6-baseline.txt
r9,public,baseline,6,11,24,BenchmarkSessionValidateDisjointIdentityPaths/lexical,,BenchmarkSessionValidateDisjointIdentityPaths/lexical,13,17749529,180278,303,paired,,r9-public-6-baseline.txt
r9,public,baseline,6,11,24,BenchmarkSessionValidateDisjointIdentityPaths/expanded,,BenchmarkSessionValidateDisjointIdentityPaths/expanded,7,29227411,163123,348,paired,,r9-public-6-baseline.txt
r9,public,baseline,6,11,24,BenchmarkSessionValidateDisjointIdentityPaths/expanded_distinct_namespaces,,BenchmarkSessionValidateDisjointIdentityPaths/expanded_distinct_namespaces,6,39616146,3348497,32998,paired,,r9-public-6-baseline.txt
r9,public,baseline,6,11,24,BenchmarkSessionValidateDisjointIdentityPaths/expanded_distinct_control,,BenchmarkSessionValidateDisjointIdentityPaths/expanded_distinct_control,6,35210965,550936,32445,paired,,r9-public-6-baseline.txt
r9,public,baseline,6,11,24,BenchmarkSessionValidateExpandedIdentityPaths,,BenchmarkSessionValidateExpandedIdentityPaths,100,2062632,359798,2528,paired,,r9-public-6-baseline.txt
r9,public,baseline,6,11,24,BenchmarkSessionValidateSharedExpandedIdentityPrefix/identity,,BenchmarkSessionValidateSharedExpandedIdentityPrefix/identity,10,23579667,4743599,19811,paired,,r9-public-6-baseline.txt
r9,public,baseline,6,11,24,BenchmarkSessionValidateSharedExpandedIdentityPrefix/control,,BenchmarkSessionValidateSharedExpandedIdentityPrefix/control,19,13391217,5523,20,paired,,r9-public-6-baseline.txt
r9,public,baseline,6,11,24,BenchmarkCompileCountedChoiceDFA/small,,BenchmarkCompileCountedChoiceDFA/small,1408,168627,193329,752,paired,,r9-public-6-baseline.txt
r9,public,baseline,6,11,24,BenchmarkCompileCountedChoiceDFA/medium,,BenchmarkCompileCountedChoiceDFA/medium,1040,238100,259461,1402,paired,,r9-public-6-baseline.txt
r9,public,baseline,6,11,24,BenchmarkCompileCountedChoiceDFA/large,,BenchmarkCompileCountedChoiceDFA/large,646,386836,360035,2331,paired,,r9-public-6-baseline.txt
r9,public,baseline,6,11,24,BenchmarkCompileSubstitutionGroups,,BenchmarkCompileSubstitutionGroups,333,711801,460032,1621,paired,,r9-public-6-baseline.txt
r9,public,baseline,6,11,24,BenchmarkCompileAttributeGroupFanout/refs_1,,BenchmarkCompileAttributeGroupFanout/refs_1,1654,147926,164816,416,paired,,r9-public-6-baseline.txt
r9,public,baseline,6,11,24,BenchmarkCompileAttributeGroupFanout/refs_10,,BenchmarkCompileAttributeGroupFanout/refs_10,1137,215299,204440,756,paired,,r9-public-6-baseline.txt
r9,public,baseline,6,11,24,BenchmarkCompileAttributeGroupFanout/refs_100,,BenchmarkCompileAttributeGroupFanout/refs_100,286,806597,655064,3564,paired,,r9-public-6-baseline.txt
r9,public,baseline,6,11,24,BenchmarkCompileAttributeGroupFanout/refs_1000,,BenchmarkCompileAttributeGroupFanout/refs_1000,39,6839057,5075472,30004,paired,,r9-public-6-baseline.txt
r9,public,baseline,6,11,24,BenchmarkCompileRegexCategoryEscapes,,BenchmarkCompileRegexCategoryEscapes,88,2836975,6693492,9768,paired,,r9-public-6-baseline.txt
r9,public,baseline,6,11,24,BenchmarkCompileDeepSimpleTypeChain,,BenchmarkCompileDeepSimpleTypeChain,31,8803435,2268158,8478,paired,,r9-public-6-baseline.txt
r9,public,baseline,6,11,24,BenchmarkCompileRepeatedNestedUnionMembers,,BenchmarkCompileRepeatedNestedUnionMembers,205,1165137,830432,4784,paired,,r9-public-6-baseline.txt
r9,public,baseline,6,11,24,BenchmarkCompileOpaqueAnnotationPayload,,BenchmarkCompileOpaqueAnnotationPayload,210,1132763,361384,2874,paired,,r9-public-6-baseline.txt
r9,public,baseline,6,11,24,BenchmarkSessionValidateUndeclaredRootXSIType,,BenchmarkSessionValidateUndeclaredRootXSIType,151116,1606,32,1,paired,,r9-public-6-baseline.txt
r9,public,baseline,6,11,24,BenchmarkCompileSourceDocuments/distinct,,BenchmarkCompileSourceDocuments/distinct,140,1691277,10181558,8054,paired,,r9-public-6-baseline.txt
r9,public,baseline,6,11,24,BenchmarkCompileSourceDocuments/duplicate_identity,,BenchmarkCompileSourceDocuments/duplicate_identity,100,2372066,10625095,13699,paired,,r9-public-6-baseline.txt
r9,public,baseline,6,11,24,BenchmarkCompileStreamingSource/4096B,,BenchmarkCompileStreamingSource/4096B,1291,183299,166840,361,paired,,r9-public-6-baseline.txt
r9,public,baseline,6,11,24,BenchmarkCompileStreamingSource/1048576B,,BenchmarkCompileStreamingSource/1048576B,14,15049214,2384441,376,paired,,r9-public-6-baseline.txt
r9,public,baseline,6,11,24,BenchmarkCompileStreamingSource/16777216B,,BenchmarkCompileStreamingSource/16777216B,1,240589709,36381256,383,paired,,r9-public-6-baseline.txt
r9,public,baseline,6,11,24,BenchmarkSessionValidateUnionLateMember,,BenchmarkSessionValidateUnionLateMember,1437,172114,32,1,paired,matching public API workload added in both snapshots,r9-public-6-baseline.txt
r9,public,current,6,12,23,BenchmarkSessionValidateAllContent/4,,BenchmarkSessionValidateAllContent/4,94534,2604,0,0,paired,,r9-public-6-current.txt
r9,public,current,6,12,23,BenchmarkSessionValidateAllContent/16,,BenchmarkSessionValidateAllContent/16,26733,8929,0,0,paired,,r9-public-6-current.txt
r9,public,current,6,12,23,BenchmarkSessionValidateAllContent/64,,BenchmarkSessionValidateAllContent/64,6796,32712,0,0,paired,,r9-public-6-current.txt
r9,public,current,6,12,23,BenchmarkSessionValidateAllContent/256,,BenchmarkSessionValidateAllContent/256,1878,126403,0,0,paired,,r9-public-6-current.txt
r9,public,current,6,12,23,BenchmarkSessionValidateAllContent/1024,,BenchmarkSessionValidateAllContent/1024,460,538235,1960,513,paired,,r9-public-6-current.txt
r9,public,current,6,12,23,BenchmarkCompileSmallSchema,,BenchmarkCompileSmallSchema,2037,115217,198809,569,paired,,r9-public-6-current.txt
r9,public,current,6,12,23,BenchmarkCompileAndFirstSession,,BenchmarkCompileAndFirstSession,2182,108082,272549,571,paired,,r9-public-6-current.txt
r9,public,current,6,12,23,BenchmarkValidateRepeatedSmallDocument,,BenchmarkValidateRepeatedSmallDocument,771,321299,76080,28,paired,,r9-public-6-current.txt
r9,public,current,6,12,23,BenchmarkSessionValidateRepeatedSmallDocument,,BenchmarkSessionValidateRepeatedSmallDocument,855,276768,34,1,paired,,r9-public-6-current.txt
r9,public,current,6,12,23,BenchmarkSessionValidateNamespaceAdmissionChurn/depth_16/churn_false,,BenchmarkSessionValidateNamespaceAdmissionChurn/depth_16/churn_false,33908,6918,32,1,paired,,r9-public-6-current.txt
r9,public,current,6,12,23,BenchmarkSessionValidateNamespaceAdmissionChurn/depth_16/churn_true,,BenchmarkSessionValidateNamespaceAdmissionChurn/depth_16/churn_true,19682,12180,32,1,paired,,r9-public-6-current.txt
r9,public,current,6,12,23,BenchmarkSessionValidateNamespaceAdmissionChurn/depth_64/churn_false,,BenchmarkSessionValidateNamespaceAdmissionChurn/depth_64/churn_false,9164,26780,32,1,paired,,r9-public-6-current.txt
r9,public,current,6,12,23,BenchmarkSessionValidateNamespaceAdmissionChurn/depth_64/churn_true,,BenchmarkSessionValidateNamespaceAdmissionChurn/depth_64/churn_true,4923,49141,32,1,paired,,r9-public-6-current.txt
r9,public,current,6,12,23,BenchmarkSessionValidateNamespaceAdmissionChurn/depth_256/churn_false,,BenchmarkSessionValidateNamespaceAdmissionChurn/depth_256/churn_false,2163,109256,32,1,paired,,r9-public-6-current.txt
r9,public,current,6,12,23,BenchmarkSessionValidateNamespaceAdmissionChurn/depth_256/churn_true,,BenchmarkSessionValidateNamespaceAdmissionChurn/depth_256/churn_true,1244,198244,32,1,paired,,r9-public-6-current.txt
r9,public,current,6,12,23,BenchmarkSessionValidateRepeatedXSIType,,BenchmarkSessionValidateRepeatedXSIType,2673,85742,33,1,paired,,r9-public-6-current.txt
r9,public,current,6,12,23,BenchmarkSessionValidateIDAttributeStart,,BenchmarkSessionValidateIDAttributeStart,2239,100811,840,101,paired,,r9-public-6-current.txt
r9,public,current,6,12,23,BenchmarkSessionValidateSimpleIDEnd,,BenchmarkSessionValidateSimpleIDEnd,2919,83525,832,101,paired,,r9-public-6-current.txt
r9,public,current,6,12,23,BenchmarkSessionValidateRepeatedQNameValues,,BenchmarkSessionValidateRepeatedQNameValues,3339,72858,32,1,paired,,r9-public-6-current.txt
r9,public,current,6,12,23,BenchmarkSessionValidateRepeatedLaxWildcard,,BenchmarkSessionValidateRepeatedLaxWildcard,188587,1395,32,1,paired,,r9-public-6-current.txt
r9,public,current,6,12,23,BenchmarkSessionValidateStringLengthFacet,,BenchmarkSessionValidateStringLengthFacet,38401,6298,32,1,paired,,r9-public-6-current.txt
r9,public,current,6,12,23,BenchmarkSessionValidateWideChoice,,BenchmarkSessionValidateWideChoice,90,2422062,259,3,paired,,r9-public-6-current.txt
r9,public,current,6,12,23,BenchmarkValidateSubstitutionGroup,,BenchmarkValidateSubstitutionGroup,368,669434,76840,37,paired,,r9-public-6-current.txt
r9,public,current,6,12,23,BenchmarkSessionValidateDateDecimalRows,,BenchmarkSessionValidateDateDecimalRows,1405,172316,33,1,paired,,r9-public-6-current.txt
r9,public,current,6,12,23,BenchmarkValidateSmallInvalidDocument,,BenchmarkValidateSmallInvalidDocument,23324,10257,77096,48,paired,,r9-public-6-current.txt
r9,public,current,6,12,23,BenchmarkValidateManyRecoverablePathErrors,,BenchmarkValidateManyRecoverablePathErrors,2805,90908,110080,627,paired,,r9-public-6-current.txt
r9,public,current,6,12,23,BenchmarkValidateDeeplyNestedDocument,,BenchmarkValidateDeeplyNestedDocument,2196,105259,159456,174,paired,,r9-public-6-current.txt
r9,public,current,6,12,23,BenchmarkSessionValidateDeepThenShallow,,BenchmarkSessionValidateDeepThenShallow,333687,706,32,1,paired,,r9-public-6-current.txt
r9,public,current,6,12,23,BenchmarkValidateDuplicateAttributes,,BenchmarkValidateDuplicateAttributes,675,352906,586985,1083,paired,,r9-public-6-current.txt
r9,public,current,6,12,23,BenchmarkCompileDuplicateSchemaSources,,BenchmarkCompileDuplicateSchemaSources,954,249990,221832,444,paired,,r9-public-6-current.txt
r9,public,current,6,12,23,BenchmarkCompileIncludeGraph,,BenchmarkCompileIncludeGraph,276,863542,767408,3623,paired,,r9-public-6-current.txt
r9,public,current,6,12,23,BenchmarkCompileChameleonTargetFanout/targets_1,,BenchmarkCompileChameleonTargetFanout/targets_1,3955,59240,132584,340,paired,,r9-public-6-current.txt
r9,public,current,6,12,23,BenchmarkCompileChameleonTargetFanout/targets_8,,BenchmarkCompileChameleonTargetFanout/targets_8,1882,124037,197880,696,paired,,r9-public-6-current.txt
r9,public,current,6,12,23,BenchmarkCompileChameleonTargetFanout/targets_32,,BenchmarkCompileChameleonTargetFanout/targets_32,680,363331,427258,1703,paired,,r9-public-6-current.txt
r9,public,current,6,12,23,BenchmarkCompileSchemaText,,BenchmarkCompileSchemaText,708,332309,1379592,282,paired,,r9-public-6-current.txt
r9,public,current,6,12,23,BenchmarkValidateIdentityConstraints,,BenchmarkValidateIdentityConstraints,824,289378,167120,501,paired,,r9-public-6-current.txt
r9,public,current,6,12,23,BenchmarkValidateIdentityConstraintsRows/rows_10,,BenchmarkValidateIdentityConstraintsRows/rows_10,6777,36961,86512,114,paired,,r9-public-6-current.txt
r9,public,current,6,12,23,BenchmarkValidateIdentityConstraintsRows/rows_100,,BenchmarkValidateIdentityConstraintsRows/rows_100,864,289197,167120,501,paired,,r9-public-6-current.txt
r9,public,current,6,12,23,BenchmarkValidateIdentityConstraintsRows/rows_1000,,BenchmarkValidateIdentityConstraintsRows/rows_1000,100,2767626,1034969,4626,paired,,r9-public-6-current.txt
r9,public,current,6,12,23,BenchmarkSessionValidateIdentityConstraintsRows/rows_10,,BenchmarkSessionValidateIdentityConstraintsRows/rows_10,10000,24593,4168,42,paired,,r9-public-6-current.txt
r9,public,current,6,12,23,BenchmarkSessionValidateIdentityConstraintsRows/rows_100,,BenchmarkSessionValidateIdentityConstraintsRows/rows_100,988,247121,37712,321,paired,,r9-public-6-current.txt
r9,public,current,6,12,23,BenchmarkSessionValidateIdentityConstraintsRows/rows_1000,,BenchmarkSessionValidateIdentityConstraintsRows/rows_1000,100,2545754,445181,4016,paired,,r9-public-6-current.txt
r9,public,current,6,12,23,BenchmarkValidateIdentityConstraintsFields/fields_1,,BenchmarkValidateIdentityConstraintsFields/fields_1,1430,167594,119648,363,paired,,r9-public-6-current.txt
r9,public,current,6,12,23,BenchmarkValidateIdentityConstraintsFields/fields_3,,BenchmarkValidateIdentityConstraintsFields/fields_3,855,285967,153920,876,paired,,r9-public-6-current.txt
r9,public,current,6,12,23,BenchmarkValidateIdentityConstraintsFields/fields_8,,BenchmarkValidateIdentityConstraintsFields/fields_8,412,590912,208696,1891,paired,,r9-public-6-current.txt
r9,public,current,6,12,23,BenchmarkSessionValidateNestedIdentitySelections/depth_16,,BenchmarkSessionValidateNestedIdentitySelections/depth_16,9270,29055,4121,27,paired,,r9-public-6-current.txt
r9,public,current,6,12,23,BenchmarkSessionValidateNestedIdentitySelections/depth_64,,BenchmarkSessionValidateNestedIdentitySelections/depth_64,1555,166024,17152,79,paired,,r9-public-6-current.txt
r9,public,current,6,12,23,BenchmarkSessionValidateNestedIdentitySelections/depth_256,,BenchmarkSessionValidateNestedIdentitySelections/depth_256,156,1563335,70594,277,paired,,r9-public-6-current.txt
r9,public,current,6,12,23,BenchmarkSessionValidateNestedIdentitySelectionPaths,,BenchmarkSessionValidateNestedIdentitySelectionPaths,789,301387,131253,3,paired,,r9-public-6-current.txt
r9,public,current,6,12,23,BenchmarkSessionValidateRetainedIdentityPaths,,BenchmarkSessionValidateRetainedIdentityPaths,97,2917468,650802,4018,paired,,r9-public-6-current.txt
r9,public,current,6,12,23,BenchmarkSessionValidateDisjointIdentityPaths/lexical,,BenchmarkSessionValidateDisjointIdentityPaths/lexical,15,16039697,176026,279,paired,,r9-public-6-current.txt
r9,public,current,6,12,23,BenchmarkSessionValidateDisjointIdentityPaths/expanded,,BenchmarkSessionValidateDisjointIdentityPaths/expanded,8,27919536,155217,302,paired,,r9-public-6-current.txt
r9,public,current,6,12,23,BenchmarkSessionValidateDisjointIdentityPaths/expanded_distinct_namespaces,,BenchmarkSessionValidateDisjointIdentityPaths/expanded_distinct_namespaces,6,38061264,3341497,32909,paired,,r9-public-6-current.txt
r9,public,current,6,12,23,BenchmarkSessionValidateDisjointIdentityPaths/expanded_distinct_control,,BenchmarkSessionValidateDisjointIdentityPaths/expanded_distinct_control,7,32079458,539970,32343,paired,,r9-public-6-current.txt
r9,public,current,6,12,23,BenchmarkSessionValidateExpandedIdentityPaths,,BenchmarkSessionValidateExpandedIdentityPaths,127,1890100,358718,2521,paired,,r9-public-6-current.txt
r9,public,current,6,12,23,BenchmarkSessionValidateSharedExpandedIdentityPrefix/identity,,BenchmarkSessionValidateSharedExpandedIdentityPrefix/identity,12,19250510,4737375,19740,paired,,r9-public-6-current.txt
r9,public,current,6,12,23,BenchmarkSessionValidateSharedExpandedIdentityPrefix/control,,BenchmarkSessionValidateSharedExpandedIdentityPrefix/control,20,11493152,4498,12,paired,,r9-public-6-current.txt
r9,public,current,6,12,23,BenchmarkCompileCountedChoiceDFA/small,,BenchmarkCompileCountedChoiceDFA/small,2524,88886,165144,661,paired,,r9-public-6-current.txt
r9,public,current,6,12,23,BenchmarkCompileCountedChoiceDFA/medium,,BenchmarkCompileCountedChoiceDFA/medium,1690,149183,231732,1263,paired,,r9-public-6-current.txt
r9,public,current,6,12,23,BenchmarkCompileCountedChoiceDFA/large,,BenchmarkCompileCountedChoiceDFA/large,985,243808,331769,2149,paired,,r9-public-6-current.txt
r9,public,current,6,12,23,BenchmarkCompileSubstitutionGroups,,BenchmarkCompileSubstitutionGroups,358,669294,547112,1547,paired,,r9-public-6-current.txt
r9,public,current,6,12,23,BenchmarkCompileAttributeGroupFanout/refs_1,,BenchmarkCompileAttributeGroupFanout/refs_1,4245,54836,133536,338,paired,,r9-public-6-current.txt
r9,public,current,6,12,23,BenchmarkCompileAttributeGroupFanout/refs_10,,BenchmarkCompileAttributeGroupFanout/refs_10,2140,119946,172216,644,paired,,r9-public-6-current.txt
r9,public,current,6,12,23,BenchmarkCompileAttributeGroupFanout/refs_100,,BenchmarkCompileAttributeGroupFanout/refs_100,346,709061,611144,3092,paired,,r9-public-6-current.txt
r9,public,current,6,12,23,BenchmarkCompileAttributeGroupFanout/refs_1000,,BenchmarkCompileAttributeGroupFanout/refs_1000,30,7018644,5125013,27428,paired,,r9-public-6-current.txt
r9,public,current,6,12,23,BenchmarkCompileRegexCategoryEscapes,,BenchmarkCompileRegexCategoryEscapes,81,2660504,8319184,5415,paired,,r9-public-6-current.txt
r9,public,current,6,12,23,BenchmarkCompileDeepSimpleTypeChain,,BenchmarkCompileDeepSimpleTypeChain,64,4287309,2369619,12899,paired,,r9-public-6-current.txt
r9,public,current,6,12,23,BenchmarkCompileRepeatedNestedUnionMembers,,BenchmarkCompileRepeatedNestedUnionMembers,208,1148719,810960,5228,paired,,r9-public-6-current.txt
r9,public,current,6,12,23,BenchmarkCompileOpaqueAnnotationPayload,,BenchmarkCompileOpaqueAnnotationPayload,271,889091,258192,1279,paired,,r9-public-6-current.txt
r9,public,current,6,12,23,BenchmarkSessionValidateUndeclaredRootXSIType,,BenchmarkSessionValidateUndeclaredRootXSIType,169394,1556,32,1,paired,,r9-public-6-current.txt
r9,public,current,6,12,23,BenchmarkCompileSourceDocuments/distinct,,BenchmarkCompileSourceDocuments/distinct,328,717504,690856,3029,paired,,r9-public-6-current.txt
r9,public,current,6,12,23,BenchmarkCompileSourceDocuments/duplicate_identity,,BenchmarkCompileSourceDocuments/duplicate_identity,164,1457621,1232710,5887,paired,,r9-public-6-current.txt
r9,public,current,6,12,23,BenchmarkCompileStreamingSource/4096B,,BenchmarkCompileStreamingSource/4096B,3411,73294,125776,275,paired,,r9-public-6-current.txt
r9,public,current,6,12,23,BenchmarkCompileStreamingSource/1048576B,,BenchmarkCompileStreamingSource/1048576B,40,6025220,125776,275,paired,,r9-public-6-current.txt
r9,public,current,6,12,23,BenchmarkCompileStreamingSource/16777216B,,BenchmarkCompileStreamingSource/16777216B,3,91720681,125776,275,paired,,r9-public-6-current.txt
r9,public,current,6,12,23,BenchmarkSessionValidateUnionLateMember,,BenchmarkSessionValidateUnionLateMember,1564,154055,32,1,paired,matching public API workload added in both snapshots,r9-public-6-current.txt
r9,format,baseline,1,1,25,BenchmarkXMLDuplicateAttributes,,BenchmarkXMLDuplicateAttributes,4185,59028,146200,104,paired,,r9-format-1-baseline.txt
r9,format,baseline,1,1,25,BenchmarkXMLLargeAttribute,,BenchmarkXMLLargeAttribute,1290,185982,280064,32,paired,,r9-format-1-baseline.txt
r9,format,baseline,1,1,25,BenchmarkXMLMixedEscapedAttribute,,BenchmarkXMLMixedEscapedAttribute,256,914091,596961,71,paired,,r9-format-1-baseline.txt
r9,format,baseline,1,1,25,BenchmarkXMLMixedEscapedAttributeWriterOnly,,BenchmarkXMLMixedEscapedAttributeWriterOnly,216,1119149,728081,16465,paired,,r9-format-1-baseline.txt
r9,format,current,1,2,26,BenchmarkXMLDuplicateAttributes,,BenchmarkXMLDuplicateAttributes,4387,57853,135144,74,paired,,r9-format-1-current.txt
r9,format,current,1,2,26,BenchmarkXMLLargeAttribute,,BenchmarkXMLLargeAttribute,2598,94279,148608,25,paired,,r9-format-1-current.txt
r9,format,current,1,2,26,BenchmarkXMLMixedEscapedAttribute,,BenchmarkXMLMixedEscapedAttribute,304,788159,156808,26,paired,,r9-format-1-current.txt
r9,format,current,1,2,26,BenchmarkXMLMixedEscapedAttributeWriterOnly,,BenchmarkXMLMixedEscapedAttributeWriterOnly,280,813307,238776,37,paired,,r9-format-1-current.txt
r9,format,baseline,2,3,28,BenchmarkXMLDuplicateAttributes,,BenchmarkXMLDuplicateAttributes,4134,58608,146200,104,paired,,r9-format-2-baseline.txt
r9,format,baseline,2,3,28,BenchmarkXMLLargeAttribute,,BenchmarkXMLLargeAttribute,1309,182783,280064,32,paired,,r9-format-2-baseline.txt
r9,format,baseline,2,3,28,BenchmarkXMLMixedEscapedAttribute,,BenchmarkXMLMixedEscapedAttribute,270,883763,596961,71,paired,,r9-format-2-baseline.txt
r9,format,baseline,2,3,28,BenchmarkXMLMixedEscapedAttributeWriterOnly,,BenchmarkXMLMixedEscapedAttributeWriterOnly,228,1210293,728081,16465,paired,,r9-format-2-baseline.txt
r9,format,current,2,4,27,BenchmarkXMLDuplicateAttributes,,BenchmarkXMLDuplicateAttributes,4392,55167,135144,74,paired,,r9-format-2-current.txt
r9,format,current,2,4,27,BenchmarkXMLLargeAttribute,,BenchmarkXMLLargeAttribute,2626,90604,148608,25,paired,,r9-format-2-current.txt
r9,format,current,2,4,27,BenchmarkXMLMixedEscapedAttribute,,BenchmarkXMLMixedEscapedAttribute,297,797072,156808,26,paired,,r9-format-2-current.txt
r9,format,current,2,4,27,BenchmarkXMLMixedEscapedAttributeWriterOnly,,BenchmarkXMLMixedEscapedAttributeWriterOnly,303,792499,238776,37,paired,,r9-format-2-current.txt
r9,format,baseline,3,5,29,BenchmarkXMLDuplicateAttributes,,BenchmarkXMLDuplicateAttributes,4552,56986,146200,104,paired,,r9-format-3-baseline.txt
r9,format,baseline,3,5,29,BenchmarkXMLLargeAttribute,,BenchmarkXMLLargeAttribute,1377,183643,280064,32,paired,,r9-format-3-baseline.txt
r9,format,baseline,3,5,29,BenchmarkXMLMixedEscapedAttribute,,BenchmarkXMLMixedEscapedAttribute,267,868958,596961,71,paired,,r9-format-3-baseline.txt
r9,format,baseline,3,5,29,BenchmarkXMLMixedEscapedAttributeWriterOnly,,BenchmarkXMLMixedEscapedAttributeWriterOnly,219,1091212,728081,16465,paired,,r9-format-3-baseline.txt
r9,format,current,3,6,30,BenchmarkXMLDuplicateAttributes,,BenchmarkXMLDuplicateAttributes,4678,53976,135144,74,paired,,r9-format-3-current.txt
r9,format,current,3,6,30,BenchmarkXMLLargeAttribute,,BenchmarkXMLLargeAttribute,2778,86965,148608,25,paired,,r9-format-3-current.txt
r9,format,current,3,6,30,BenchmarkXMLMixedEscapedAttribute,,BenchmarkXMLMixedEscapedAttribute,315,760659,156808,26,paired,,r9-format-3-current.txt
r9,format,current,3,6,30,BenchmarkXMLMixedEscapedAttributeWriterOnly,,BenchmarkXMLMixedEscapedAttributeWriterOnly,312,768443,238776,37,paired,,r9-format-3-current.txt
r9,format,baseline,4,7,32,BenchmarkXMLDuplicateAttributes,,BenchmarkXMLDuplicateAttributes,4306,57845,146200,104,paired,,r9-format-4-baseline.txt
r9,format,baseline,4,7,32,BenchmarkXMLLargeAttribute,,BenchmarkXMLLargeAttribute,1299,180266,280064,32,paired,,r9-format-4-baseline.txt
r9,format,baseline,4,7,32,BenchmarkXMLMixedEscapedAttribute,,BenchmarkXMLMixedEscapedAttribute,283,842551,596961,71,paired,,r9-format-4-baseline.txt
r9,format,baseline,4,7,32,BenchmarkXMLMixedEscapedAttributeWriterOnly,,BenchmarkXMLMixedEscapedAttributeWriterOnly,229,1056597,728081,16465,paired,,r9-format-4-baseline.txt
r9,format,current,4,8,31,BenchmarkXMLDuplicateAttributes,,BenchmarkXMLDuplicateAttributes,4790,52999,135144,74,paired,,r9-format-4-current.txt
r9,format,current,4,8,31,BenchmarkXMLLargeAttribute,,BenchmarkXMLLargeAttribute,2904,85662,148608,25,paired,,r9-format-4-current.txt
r9,format,current,4,8,31,BenchmarkXMLMixedEscapedAttribute,,BenchmarkXMLMixedEscapedAttribute,304,789251,156808,26,paired,,r9-format-4-current.txt
r9,format,current,4,8,31,BenchmarkXMLMixedEscapedAttributeWriterOnly,,BenchmarkXMLMixedEscapedAttributeWriterOnly,298,794859,238776,37,paired,,r9-format-4-current.txt
r9,format,baseline,5,9,33,BenchmarkXMLDuplicateAttributes,,BenchmarkXMLDuplicateAttributes,3944,58550,146200,104,paired,,r9-format-5-baseline.txt
r9,format,baseline,5,9,33,BenchmarkXMLLargeAttribute,,BenchmarkXMLLargeAttribute,1290,182354,280064,32,paired,,r9-format-5-baseline.txt
r9,format,baseline,5,9,33,BenchmarkXMLMixedEscapedAttribute,,BenchmarkXMLMixedEscapedAttribute,271,882390,596961,71,paired,,r9-format-5-baseline.txt
r9,format,baseline,5,9,33,BenchmarkXMLMixedEscapedAttributeWriterOnly,,BenchmarkXMLMixedEscapedAttributeWriterOnly,223,1086547,728081,16465,paired,,r9-format-5-baseline.txt
r9,format,current,5,10,34,BenchmarkXMLDuplicateAttributes,,BenchmarkXMLDuplicateAttributes,4786,52603,135144,74,paired,,r9-format-5-current.txt
r9,format,current,5,10,34,BenchmarkXMLLargeAttribute,,BenchmarkXMLLargeAttribute,2905,83688,148608,25,paired,,r9-format-5-current.txt
r9,format,current,5,10,34,BenchmarkXMLMixedEscapedAttribute,,BenchmarkXMLMixedEscapedAttribute,316,757041,156808,26,paired,,r9-format-5-current.txt
r9,format,current,5,10,34,BenchmarkXMLMixedEscapedAttributeWriterOnly,,BenchmarkXMLMixedEscapedAttributeWriterOnly,308,792110,238776,37,paired,,r9-format-5-current.txt
r9,format,baseline,6,11,36,BenchmarkXMLDuplicateAttributes,,BenchmarkXMLDuplicateAttributes,4251,55859,146200,104,paired,,r9-format-6-baseline.txt
r9,format,baseline,6,11,36,BenchmarkXMLLargeAttribute,,BenchmarkXMLLargeAttribute,1378,176388,280064,32,paired,,r9-format-6-baseline.txt
r9,format,baseline,6,11,36,BenchmarkXMLMixedEscapedAttribute,,BenchmarkXMLMixedEscapedAttribute,283,856052,596961,71,paired,,r9-format-6-baseline.txt
r9,format,baseline,6,11,36,BenchmarkXMLMixedEscapedAttributeWriterOnly,,BenchmarkXMLMixedEscapedAttributeWriterOnly,225,1066563,728081,16465,paired,,r9-format-6-baseline.txt
r9,format,current,6,12,35,BenchmarkXMLDuplicateAttributes,,BenchmarkXMLDuplicateAttributes,4575,55141,135144,74,paired,,r9-format-6-current.txt
r9,format,current,6,12,35,BenchmarkXMLLargeAttribute,,BenchmarkXMLLargeAttribute,2683,104270,148608,25,paired,,r9-format-6-current.txt
r9,format,current,6,12,35,BenchmarkXMLMixedEscapedAttribute,,BenchmarkXMLMixedEscapedAttribute,309,787740,156808,26,paired,,r9-format-6-current.txt
r9,format,current,6,12,35,BenchmarkXMLMixedEscapedAttributeWriterOnly,,BenchmarkXMLMixedEscapedAttributeWriterOnly,296,797022,238776,37,paired,,r9-format-6-current.txt
r9,regex,baseline,1,1,37,BenchmarkSimplePatternVariableNoMatchString,,BenchmarkSimplePatternVariableNoMatchString,5416,44928,25856,2,paired,,r9-regex-1-baseline.txt
r9,regex,baseline,1,1,37,BenchmarkSimplePatternVariableNoMatchBytes,,BenchmarkSimplePatternVariableNoMatchBytes,5097,49281,25856,2,paired,,r9-regex-1-baseline.txt
r9,regex,baseline,1,1,37,BenchmarkSimplePatternVariableNoMatchStringScratch,,BenchmarkSimplePatternVariableNoMatchStringScratch,5300,45813,0,0,paired,,r9-regex-1-baseline.txt
r9,regex,baseline,1,1,37,BenchmarkSimplePatternVariableNoMatchBytesScratch,,BenchmarkSimplePatternVariableNoMatchBytesScratch,5222,45491,0,0,paired,,r9-regex-1-baseline.txt
r9,regex,baseline,1,1,37,BenchmarkSimplePatternVariableSmallString,,BenchmarkSimplePatternVariableSmallString,752754,336.2,0,0,paired,,r9-regex-1-baseline.txt
r9,regex,baseline,1,1,37,BenchmarkSimplePatternVariableSmallBytes,,BenchmarkSimplePatternVariableSmallBytes,685696,370.7,0,0,paired,,r9-regex-1-baseline.txt
r9,regex,baseline,1,1,37,BenchmarkSimplePatternVariableNoMatchMultibyteString,,BenchmarkSimplePatternVariableNoMatchMultibyteString,4281,57439,25856,2,paired,,r9-regex-1-baseline.txt
r9,regex,baseline,1,1,37,BenchmarkSimplePatternVariableNoMatchMultibyteBytes,,BenchmarkSimplePatternVariableNoMatchMultibyteBytes,3794,67482,25856,2,paired,,r9-regex-1-baseline.txt
r9,regex,baseline,1,1,37,BenchmarkSimplePatternVariableNoMatchMultibyteStringScratch,,BenchmarkSimplePatternVariableNoMatchMultibyteStringScratch,3778,59472,0,0,paired,,r9-regex-1-baseline.txt
r9,regex,baseline,1,1,37,BenchmarkSimplePatternVariableNoMatchMultibyteBytesScratch,,BenchmarkSimplePatternVariableNoMatchMultibyteBytesScratch,4011,60074,0,0,paired,,r9-regex-1-baseline.txt
r9,regex,current,1,2,38,BenchmarkSimplePatternVariableNoMatchString,,BenchmarkSimplePatternVariableNoMatchString,6800,35451,25856,2,paired,,r9-regex-1-current.txt
r9,regex,current,1,2,38,BenchmarkSimplePatternVariableNoMatchBytes,,BenchmarkSimplePatternVariableNoMatchBytes,7533,34132,25856,2,paired,,r9-regex-1-current.txt
r9,regex,current,1,2,38,BenchmarkSimplePatternVariableNoMatchStringScratch,,BenchmarkSimplePatternVariableNoMatchStringScratch,13254,18259,0,0,paired,,r9-regex-1-current.txt
r9,regex,current,1,2,38,BenchmarkSimplePatternVariableNoMatchBytesScratch,,BenchmarkSimplePatternVariableNoMatchBytesScratch,12950,18572,0,0,paired,,r9-regex-1-current.txt
r9,regex,current,1,2,38,BenchmarkSimplePatternVariableSmallString,,BenchmarkSimplePatternVariableSmallString,1000000,212.8,0,0,paired,,r9-regex-1-current.txt
r9,regex,current,1,2,38,BenchmarkSimplePatternVariableSmallBytes,,BenchmarkSimplePatternVariableSmallBytes,1000000,203.9,0,0,paired,,r9-regex-1-current.txt
r9,regex,current,1,2,38,BenchmarkSimplePatternVariableNoMatchMultibyteString,,BenchmarkSimplePatternVariableNoMatchMultibyteString,4918,48204,25856,2,paired,,r9-regex-1-current.txt
r9,regex,current,1,2,38,BenchmarkSimplePatternVariableNoMatchMultibyteBytes,,BenchmarkSimplePatternVariableNoMatchMultibyteBytes,5112,49353,25856,2,paired,,r9-regex-1-current.txt
r9,regex,current,1,2,38,BenchmarkSimplePatternVariableNoMatchMultibyteStringScratch,,BenchmarkSimplePatternVariableNoMatchMultibyteStringScratch,8482,27665,0,0,paired,,r9-regex-1-current.txt
r9,regex,current,1,2,38,BenchmarkSimplePatternVariableNoMatchMultibyteBytesScratch,,BenchmarkSimplePatternVariableNoMatchMultibyteBytesScratch,9120,28202,0,0,paired,,r9-regex-1-current.txt
r9,regex,baseline,2,3,40,BenchmarkSimplePatternVariableNoMatchString,,BenchmarkSimplePatternVariableNoMatchString,5430,43457,25856,2,paired,,r9-regex-2-baseline.txt
r9,regex,baseline,2,3,40,BenchmarkSimplePatternVariableNoMatchBytes,,BenchmarkSimplePatternVariableNoMatchBytes,5172,47955,25856,2,paired,,r9-regex-2-baseline.txt
r9,regex,baseline,2,3,40,BenchmarkSimplePatternVariableNoMatchStringScratch,,BenchmarkSimplePatternVariableNoMatchStringScratch,5373,47415,0,0,paired,,r9-regex-2-baseline.txt
r9,regex,baseline,2,3,40,BenchmarkSimplePatternVariableNoMatchBytesScratch,,BenchmarkSimplePatternVariableNoMatchBytesScratch,4446,47494,0,0,paired,,r9-regex-2-baseline.txt
r9,regex,baseline,2,3,40,BenchmarkSimplePatternVariableSmallString,,BenchmarkSimplePatternVariableSmallString,721107,342.4,0,0,paired,,r9-regex-2-baseline.txt
r9,regex,baseline,2,3,40,BenchmarkSimplePatternVariableSmallBytes,,BenchmarkSimplePatternVariableSmallBytes,636991,375.8,0,0,paired,,r9-regex-2-baseline.txt
r9,regex,baseline,2,3,40,BenchmarkSimplePatternVariableNoMatchMultibyteString,,BenchmarkSimplePatternVariableNoMatchMultibyteString,4208,57435,25856,2,paired,,r9-regex-2-baseline.txt
r9,regex,baseline,2,3,40,BenchmarkSimplePatternVariableNoMatchMultibyteBytes,,BenchmarkSimplePatternVariableNoMatchMultibyteBytes,3764,64330,25856,2,paired,,r9-regex-2-baseline.txt
r9,regex,baseline,2,3,40,BenchmarkSimplePatternVariableNoMatchMultibyteStringScratch,,BenchmarkSimplePatternVariableNoMatchMultibyteStringScratch,4147,57167,0,0,paired,,r9-regex-2-baseline.txt
r9,regex,baseline,2,3,40,BenchmarkSimplePatternVariableNoMatchMultibyteBytesScratch,,BenchmarkSimplePatternVariableNoMatchMultibyteBytesScratch,3896,61704,0,0,paired,,r9-regex-2-baseline.txt
r9,regex,current,2,4,39,BenchmarkSimplePatternVariableNoMatchString,,BenchmarkSimplePatternVariableNoMatchString,6678,35400,25856,2,paired,,r9-regex-2-current.txt
r9,regex,current,2,4,39,BenchmarkSimplePatternVariableNoMatchBytes,,BenchmarkSimplePatternVariableNoMatchBytes,6130,35634,25856,2,paired,,r9-regex-2-current.txt
r9,regex,current,2,4,39,BenchmarkSimplePatternVariableNoMatchStringScratch,,BenchmarkSimplePatternVariableNoMatchStringScratch,13862,17321,0,0,paired,,r9-regex-2-current.txt
r9,regex,current,2,4,39,BenchmarkSimplePatternVariableNoMatchBytesScratch,,BenchmarkSimplePatternVariableNoMatchBytesScratch,13929,17270,0,0,paired,,r9-regex-2-current.txt
r9,regex,current,2,4,39,BenchmarkSimplePatternVariableSmallString,,BenchmarkSimplePatternVariableSmallString,1000000,207.3,0,0,paired,,r9-regex-2-current.txt
r9,regex,current,2,4,39,BenchmarkSimplePatternVariableSmallBytes,,BenchmarkSimplePatternVariableSmallBytes,1000000,220.3,0,0,paired,,r9-regex-2-current.txt
r9,regex,current,2,4,39,BenchmarkSimplePatternVariableNoMatchMultibyteString,,BenchmarkSimplePatternVariableNoMatchMultibyteString,4933,49815,25856,2,paired,,r9-regex-2-current.txt
r9,regex,current,2,4,39,BenchmarkSimplePatternVariableNoMatchMultibyteBytes,,BenchmarkSimplePatternVariableNoMatchMultibyteBytes,5066,49935,25856,2,paired,,r9-regex-2-current.txt
r9,regex,current,2,4,39,BenchmarkSimplePatternVariableNoMatchMultibyteStringScratch,,BenchmarkSimplePatternVariableNoMatchMultibyteStringScratch,9098,28319,0,0,paired,,r9-regex-2-current.txt
r9,regex,current,2,4,39,BenchmarkSimplePatternVariableNoMatchMultibyteBytesScratch,,BenchmarkSimplePatternVariableNoMatchMultibyteBytesScratch,7226,28151,0,0,paired,,r9-regex-2-current.txt
r9,regex,baseline,3,5,41,BenchmarkSimplePatternVariableNoMatchString,,BenchmarkSimplePatternVariableNoMatchString,4574,46384,25856,2,paired,,r9-regex-3-baseline.txt
r9,regex,baseline,3,5,41,BenchmarkSimplePatternVariableNoMatchBytes,,BenchmarkSimplePatternVariableNoMatchBytes,5095,49171,25856,2,paired,,r9-regex-3-baseline.txt
r9,regex,baseline,3,5,41,BenchmarkSimplePatternVariableNoMatchStringScratch,,BenchmarkSimplePatternVariableNoMatchStringScratch,5042,48267,0,0,paired,,r9-regex-3-baseline.txt
r9,regex,baseline,3,5,41,BenchmarkSimplePatternVariableNoMatchBytesScratch,,BenchmarkSimplePatternVariableNoMatchBytesScratch,5193,48846,0,0,paired,,r9-regex-3-baseline.txt
r9,regex,baseline,3,5,41,BenchmarkSimplePatternVariableSmallString,,BenchmarkSimplePatternVariableSmallString,729381,331.4,0,0,paired,,r9-regex-3-baseline.txt
r9,regex,baseline,3,5,41,BenchmarkSimplePatternVariableSmallBytes,,BenchmarkSimplePatternVariableSmallBytes,665972,361.8,0,0,paired,,r9-regex-3-baseline.txt
r9,regex,baseline,3,5,41,BenchmarkSimplePatternVariableNoMatchMultibyteString,,BenchmarkSimplePatternVariableNoMatchMultibyteString,4412,55836,25856,2,paired,,r9-regex-3-baseline.txt
r9,regex,baseline,3,5,41,BenchmarkSimplePatternVariableNoMatchMultibyteBytes,,BenchmarkSimplePatternVariableNoMatchMultibyteBytes,3889,64849,25856,2,paired,,r9-regex-3-baseline.txt
r9,regex,baseline,3,5,41,BenchmarkSimplePatternVariableNoMatchMultibyteStringScratch,,BenchmarkSimplePatternVariableNoMatchMultibyteStringScratch,4204,64225,0,0,paired,,r9-regex-3-baseline.txt
r9,regex,baseline,3,5,41,BenchmarkSimplePatternVariableNoMatchMultibyteBytesScratch,,BenchmarkSimplePatternVariableNoMatchMultibyteBytesScratch,3871,73397,0,0,paired,,r9-regex-3-baseline.txt
r9,regex,current,3,6,42,BenchmarkSimplePatternVariableNoMatchString,,BenchmarkSimplePatternVariableNoMatchString,6379,35764,25856,2,paired,,r9-regex-3-current.txt
r9,regex,current,3,6,42,BenchmarkSimplePatternVariableNoMatchBytes,,BenchmarkSimplePatternVariableNoMatchBytes,7365,34961,25856,2,paired,,r9-regex-3-current.txt
r9,regex,current,3,6,42,BenchmarkSimplePatternVariableNoMatchStringScratch,,BenchmarkSimplePatternVariableNoMatchStringScratch,13850,17298,0,0,paired,,r9-regex-3-current.txt
r9,regex,current,3,6,42,BenchmarkSimplePatternVariableNoMatchBytesScratch,,BenchmarkSimplePatternVariableNoMatchBytesScratch,13982,17142,0,0,paired,,r9-regex-3-current.txt
r9,regex,current,3,6,42,BenchmarkSimplePatternVariableSmallString,,BenchmarkSimplePatternVariableSmallString,1000000,210.4,0,0,paired,,r9-regex-3-current.txt
r9,regex,current,3,6,42,BenchmarkSimplePatternVariableSmallBytes,,BenchmarkSimplePatternVariableSmallBytes,1000000,213.3,0,0,paired,,r9-regex-3-current.txt
r9,regex,current,3,6,42,BenchmarkSimplePatternVariableNoMatchMultibyteString,,BenchmarkSimplePatternVariableNoMatchMultibyteString,4980,49859,25856,2,paired,,r9-regex-3-current.txt
r9,regex,current,3,6,42,BenchmarkSimplePatternVariableNoMatchMultibyteBytes,,BenchmarkSimplePatternVariableNoMatchMultibyteBytes,4555,50276,25856,2,paired,,r9-regex-3-current.txt
r9,regex,current,3,6,42,BenchmarkSimplePatternVariableNoMatchMultibyteStringScratch,,BenchmarkSimplePatternVariableNoMatchMultibyteStringScratch,8878,27408,0,0,paired,,r9-regex-3-current.txt
r9,regex,current,3,6,42,BenchmarkSimplePatternVariableNoMatchMultibyteBytesScratch,,BenchmarkSimplePatternVariableNoMatchMultibyteBytesScratch,9052,26463,0,0,paired,,r9-regex-3-current.txt
r9,regex,baseline,4,7,44,BenchmarkSimplePatternVariableNoMatchString,,BenchmarkSimplePatternVariableNoMatchString,5464,43041,25856,2,paired,,r9-regex-4-baseline.txt
r9,regex,baseline,4,7,44,BenchmarkSimplePatternVariableNoMatchBytes,,BenchmarkSimplePatternVariableNoMatchBytes,5104,48031,25856,2,paired,,r9-regex-4-baseline.txt
r9,regex,baseline,4,7,44,BenchmarkSimplePatternVariableNoMatchStringScratch,,BenchmarkSimplePatternVariableNoMatchStringScratch,5121,45861,0,0,paired,,r9-regex-4-baseline.txt
r9,regex,baseline,4,7,44,BenchmarkSimplePatternVariableNoMatchBytesScratch,,BenchmarkSimplePatternVariableNoMatchBytesScratch,5084,46046,0,0,paired,,r9-regex-4-baseline.txt
r9,regex,baseline,4,7,44,BenchmarkSimplePatternVariableSmallString,,BenchmarkSimplePatternVariableSmallString,738954,324.6,0,0,paired,,r9-regex-4-baseline.txt
r9,regex,baseline,4,7,44,BenchmarkSimplePatternVariableSmallBytes,,BenchmarkSimplePatternVariableSmallBytes,672362,353.6,0,0,paired,,r9-regex-4-baseline.txt
r9,regex,baseline,4,7,44,BenchmarkSimplePatternVariableNoMatchMultibyteString,,BenchmarkSimplePatternVariableNoMatchMultibyteString,4461,54295,25856,2,paired,,r9-regex-4-baseline.txt
r9,regex,baseline,4,7,44,BenchmarkSimplePatternVariableNoMatchMultibyteBytes,,BenchmarkSimplePatternVariableNoMatchMultibyteBytes,3936,63211,25856,2,paired,,r9-regex-4-baseline.txt
r9,regex,baseline,4,7,44,BenchmarkSimplePatternVariableNoMatchMultibyteStringScratch,,BenchmarkSimplePatternVariableNoMatchMultibyteStringScratch,4352,56093,0,0,paired,,r9-regex-4-baseline.txt
r9,regex,baseline,4,7,44,BenchmarkSimplePatternVariableNoMatchMultibyteBytesScratch,,BenchmarkSimplePatternVariableNoMatchMultibyteBytesScratch,3999,59423,0,0,paired,,r9-regex-4-baseline.txt
r9,regex,current,4,8,43,BenchmarkSimplePatternVariableNoMatchString,,BenchmarkSimplePatternVariableNoMatchString,6864,33406,25856,2,paired,,r9-regex-4-current.txt
r9,regex,current,4,8,43,BenchmarkSimplePatternVariableNoMatchBytes,,BenchmarkSimplePatternVariableNoMatchBytes,7375,33660,25856,2,paired,,r9-regex-4-current.txt
r9,regex,current,4,8,43,BenchmarkSimplePatternVariableNoMatchStringScratch,,BenchmarkSimplePatternVariableNoMatchStringScratch,14139,16993,0,0,paired,,r9-regex-4-current.txt
r9,regex,current,4,8,43,BenchmarkSimplePatternVariableNoMatchBytesScratch,,BenchmarkSimplePatternVariableNoMatchBytesScratch,14023,17129,0,0,paired,,r9-regex-4-current.txt
r9,regex,current,4,8,43,BenchmarkSimplePatternVariableSmallString,,BenchmarkSimplePatternVariableSmallString,1000000,203.5,0,0,paired,,r9-regex-4-current.txt
r9,regex,current,4,8,43,BenchmarkSimplePatternVariableSmallBytes,,BenchmarkSimplePatternVariableSmallBytes,1000000,202.9,0,0,paired,,r9-regex-4-current.txt
r9,regex,current,4,8,43,BenchmarkSimplePatternVariableNoMatchMultibyteString,,BenchmarkSimplePatternVariableNoMatchMultibyteString,5044,48677,25856,2,paired,,r9-regex-4-current.txt
r9,regex,current,4,8,43,BenchmarkSimplePatternVariableNoMatchMultibyteBytes,,BenchmarkSimplePatternVariableNoMatchMultibyteBytes,5199,47788,25856,2,paired,,r9-regex-4-current.txt
r9,regex,current,4,8,43,BenchmarkSimplePatternVariableNoMatchMultibyteStringScratch,,BenchmarkSimplePatternVariableNoMatchMultibyteStringScratch,9356,26390,0,0,paired,,r9-regex-4-current.txt
r9,regex,current,4,8,43,BenchmarkSimplePatternVariableNoMatchMultibyteBytesScratch,,BenchmarkSimplePatternVariableNoMatchMultibyteBytesScratch,9020,26538,0,0,paired,,r9-regex-4-current.txt
r9,regex,baseline,5,9,45,BenchmarkSimplePatternVariableNoMatchString,,BenchmarkSimplePatternVariableNoMatchString,5535,42755,25856,2,paired,,r9-regex-5-baseline.txt
r9,regex,baseline,5,9,45,BenchmarkSimplePatternVariableNoMatchBytes,,BenchmarkSimplePatternVariableNoMatchBytes,5257,47826,25856,2,paired,,r9-regex-5-baseline.txt
r9,regex,baseline,5,9,45,BenchmarkSimplePatternVariableNoMatchStringScratch,,BenchmarkSimplePatternVariableNoMatchStringScratch,5180,44890,0,0,paired,,r9-regex-5-baseline.txt
r9,regex,baseline,5,9,45,BenchmarkSimplePatternVariableNoMatchBytesScratch,,BenchmarkSimplePatternVariableNoMatchBytesScratch,5226,44856,0,0,paired,,r9-regex-5-baseline.txt
r9,regex,baseline,5,9,45,BenchmarkSimplePatternVariableSmallString,,BenchmarkSimplePatternVariableSmallString,724500,341.2,0,0,paired,,r9-regex-5-baseline.txt
r9,regex,baseline,5,9,45,BenchmarkSimplePatternVariableSmallBytes,,BenchmarkSimplePatternVariableSmallBytes,651745,352.6,0,0,paired,,r9-regex-5-baseline.txt
r9,regex,baseline,5,9,45,BenchmarkSimplePatternVariableNoMatchMultibyteString,,BenchmarkSimplePatternVariableNoMatchMultibyteString,4329,54952,25856,2,paired,,r9-regex-5-baseline.txt
r9,regex,baseline,5,9,45,BenchmarkSimplePatternVariableNoMatchMultibyteBytes,,BenchmarkSimplePatternVariableNoMatchMultibyteBytes,3922,63644,25856,2,paired,,r9-regex-5-baseline.txt
r9,regex,baseline,5,9,45,BenchmarkSimplePatternVariableNoMatchMultibyteStringScratch,,BenchmarkSimplePatternVariableNoMatchMultibyteStringScratch,4178,56679,0,0,paired,,r9-regex-5-baseline.txt
r9,regex,baseline,5,9,45,BenchmarkSimplePatternVariableNoMatchMultibyteBytesScratch,,BenchmarkSimplePatternVariableNoMatchMultibyteBytesScratch,4069,59382,0,0,paired,,r9-regex-5-baseline.txt
r9,regex,current,5,10,46,BenchmarkSimplePatternVariableNoMatchString,,BenchmarkSimplePatternVariableNoMatchString,7071,33770,25856,2,paired,,r9-regex-5-current.txt
r9,regex,current,5,10,46,BenchmarkSimplePatternVariableNoMatchBytes,,BenchmarkSimplePatternVariableNoMatchBytes,7408,33448,25856,2,paired,,r9-regex-5-current.txt
r9,regex,current,5,10,46,BenchmarkSimplePatternVariableNoMatchStringScratch,,BenchmarkSimplePatternVariableNoMatchStringScratch,14084,16984,0,0,paired,,r9-regex-5-current.txt
r9,regex,current,5,10,46,BenchmarkSimplePatternVariableNoMatchBytesScratch,,BenchmarkSimplePatternVariableNoMatchBytesScratch,14185,16998,0,0,paired,,r9-regex-5-current.txt
r9,regex,current,5,10,46,BenchmarkSimplePatternVariableSmallString,,BenchmarkSimplePatternVariableSmallString,1000000,208,0,0,paired,,r9-regex-5-current.txt
r9,regex,current,5,10,46,BenchmarkSimplePatternVariableSmallBytes,,BenchmarkSimplePatternVariableSmallBytes,1000000,245.4,0,0,paired,,r9-regex-5-current.txt
r9,regex,current,5,10,46,BenchmarkSimplePatternVariableNoMatchMultibyteString,,BenchmarkSimplePatternVariableNoMatchMultibyteString,4928,48439,25856,2,paired,,r9-regex-5-current.txt
r9,regex,current,5,10,46,BenchmarkSimplePatternVariableNoMatchMultibyteBytes,,BenchmarkSimplePatternVariableNoMatchMultibyteBytes,5143,47828,25856,2,paired,,r9-regex-5-current.txt
r9,regex,current,5,10,46,BenchmarkSimplePatternVariableNoMatchMultibyteStringScratch,,BenchmarkSimplePatternVariableNoMatchMultibyteStringScratch,9062,26344,0,0,paired,,r9-regex-5-current.txt
r9,regex,current,5,10,46,BenchmarkSimplePatternVariableNoMatchMultibyteBytesScratch,,BenchmarkSimplePatternVariableNoMatchMultibyteBytesScratch,9019,26608,0,0,paired,,r9-regex-5-current.txt
r9,regex,baseline,6,11,48,BenchmarkSimplePatternVariableNoMatchString,,BenchmarkSimplePatternVariableNoMatchString,5504,43098,25856,2,paired,,r9-regex-6-baseline.txt
r9,regex,baseline,6,11,48,BenchmarkSimplePatternVariableNoMatchBytes,,BenchmarkSimplePatternVariableNoMatchBytes,5170,47779,25856,2,paired,,r9-regex-6-baseline.txt
r9,regex,baseline,6,11,48,BenchmarkSimplePatternVariableNoMatchStringScratch,,BenchmarkSimplePatternVariableNoMatchStringScratch,5227,45159,0,0,paired,,r9-regex-6-baseline.txt
r9,regex,baseline,6,11,48,BenchmarkSimplePatternVariableNoMatchBytesScratch,,BenchmarkSimplePatternVariableNoMatchBytesScratch,5278,45081,0,0,paired,,r9-regex-6-baseline.txt
r9,regex,baseline,6,11,48,BenchmarkSimplePatternVariableSmallString,,BenchmarkSimplePatternVariableSmallString,749346,319,0,0,paired,,r9-regex-6-baseline.txt
r9,regex,baseline,6,11,48,BenchmarkSimplePatternVariableSmallBytes,,BenchmarkSimplePatternVariableSmallBytes,676778,352.9,0,0,paired,,r9-regex-6-baseline.txt
r9,regex,baseline,6,11,48,BenchmarkSimplePatternVariableNoMatchMultibyteString,,BenchmarkSimplePatternVariableNoMatchMultibyteString,4449,55093,25856,2,paired,,r9-regex-6-baseline.txt
r9,regex,baseline,6,11,48,BenchmarkSimplePatternVariableNoMatchMultibyteBytes,,BenchmarkSimplePatternVariableNoMatchMultibyteBytes,3816,63515,25856,2,paired,,r9-regex-6-baseline.txt
r9,regex,baseline,6,11,48,BenchmarkSimplePatternVariableNoMatchMultibyteStringScratch,,BenchmarkSimplePatternVariableNoMatchMultibyteStringScratch,4214,56438,0,0,paired,,r9-regex-6-baseline.txt
r9,regex,baseline,6,11,48,BenchmarkSimplePatternVariableNoMatchMultibyteBytesScratch,,BenchmarkSimplePatternVariableNoMatchMultibyteBytesScratch,4207,58840,0,0,paired,,r9-regex-6-baseline.txt
r9,regex,current,6,12,47,BenchmarkSimplePatternVariableNoMatchString,,BenchmarkSimplePatternVariableNoMatchString,7167,34162,25856,2,paired,,r9-regex-6-current.txt
r9,regex,current,6,12,47,BenchmarkSimplePatternVariableNoMatchBytes,,BenchmarkSimplePatternVariableNoMatchBytes,7375,34155,25856,2,paired,,r9-regex-6-current.txt
r9,regex,current,6,12,47,BenchmarkSimplePatternVariableNoMatchStringScratch,,BenchmarkSimplePatternVariableNoMatchStringScratch,13984,17203,0,0,paired,,r9-regex-6-current.txt
r9,regex,current,6,12,47,BenchmarkSimplePatternVariableNoMatchBytesScratch,,BenchmarkSimplePatternVariableNoMatchBytesScratch,14223,16991,0,0,paired,,r9-regex-6-current.txt
r9,regex,current,6,12,47,BenchmarkSimplePatternVariableSmallString,,BenchmarkSimplePatternVariableSmallString,1000000,201.4,0,0,paired,,r9-regex-6-current.txt
r9,regex,current,6,12,47,BenchmarkSimplePatternVariableSmallBytes,,BenchmarkSimplePatternVariableSmallBytes,1000000,201.4,0,0,paired,,r9-regex-6-current.txt
r9,regex,current,6,12,47,BenchmarkSimplePatternVariableNoMatchMultibyteString,,BenchmarkSimplePatternVariableNoMatchMultibyteString,4891,47753,25856,2,paired,,r9-regex-6-current.txt
r9,regex,current,6,12,47,BenchmarkSimplePatternVariableNoMatchMultibyteBytes,,BenchmarkSimplePatternVariableNoMatchMultibyteBytes,5143,48055,25856,2,paired,,r9-regex-6-current.txt
r9,regex,current,6,12,47,BenchmarkSimplePatternVariableNoMatchMultibyteStringScratch,,BenchmarkSimplePatternVariableNoMatchMultibyteStringScratch,8779,26342,0,0,paired,,r9-regex-6-current.txt
r9,regex,current,6,12,47,BenchmarkSimplePatternVariableNoMatchMultibyteBytesScratch,,BenchmarkSimplePatternVariableNoMatchMultibyteBytesScratch,8841,26776,0,0,paired,,r9-regex-6-current.txt
r9,value,baseline,1,1,49,BenchmarkSimplePatternVariableNoMatchGroupScratch,,BenchmarkSimplePatternVariableNoMatchGroupScratch,792,304373,16,1,paired,,r9-value-1-baseline.txt
r9,value,baseline,1,1,49,BenchmarkParseDecimal,,BenchmarkParseDecimal,6185619,38.81,0,0,paired,,r9-value-1-baseline.txt
r9,value,baseline,1,1,49,BenchmarkParseXSDDate,,BenchmarkParseXSDDate,5603978,43.35,0,0,paired,,r9-value-1-baseline.txt
r9,value,baseline,1,1,49,BenchmarkParseXSDDateTime,,BenchmarkParseXSDDateTime,5237157,45.15,0,0,paired,,r9-value-1-baseline.txt
r9,value,baseline,1,1,49,BenchmarkParseXSDTime,,BenchmarkParseXSDTime,9379976,25.22,0,0,paired,,r9-value-1-baseline.txt
r9,value,baseline,1,1,49,BenchmarkPublishedRawUnionLateMember,,BenchmarkPublishedRawUnionLateMember,6121746,39.42,0,0,diagnostic,old bool+error union API versus current typed Value+error API; exclude from acceptance,r9-value-1-baseline.txt
r9,value,current,1,2,50,BenchmarkParseDecimal,,BenchmarkParseDecimal,6189787,39.05,0,0,paired,,r9-value-1-current.txt
r9,value,current,1,2,50,BenchmarkParseXSDDate,,BenchmarkParseXSDDate,5628868,42.79,0,0,paired,,r9-value-1-current.txt
r9,value,current,1,2,50,BenchmarkParseXSDDateTime,,BenchmarkParseXSDDateTime,5402119,44.86,0,0,paired,,r9-value-1-current.txt
r9,value,current,1,2,50,BenchmarkParseXSDTime,,BenchmarkParseXSDTime,9455410,25.25,0,0,paired,,r9-value-1-current.txt
r9,value,current,1,2,50,BenchmarkSimplePatternVariableNoMatchGroupScratch,,BenchmarkSimplePatternVariableNoMatchGroupScratch,1743,140550,0,0,paired,,r9-value-1-current.txt
r9,value,current,1,2,50,BenchmarkPublishedRawUnionLateMember,,BenchmarkPublishedRawUnionLateMember,3720930,64.02,0,0,diagnostic,old bool+error union API versus current typed Value+error API; exclude from acceptance,r9-value-1-current.txt
r9,value,baseline,2,3,52,BenchmarkSimplePatternVariableNoMatchGroupScratch,,BenchmarkSimplePatternVariableNoMatchGroupScratch,744,323432,16,1,paired,,r9-value-2-baseline.txt
r9,value,baseline,2,3,52,BenchmarkParseDecimal,,BenchmarkParseDecimal,5905941,40.48,0,0,paired,,r9-value-2-baseline.txt
r9,value,baseline,2,3,52,BenchmarkParseXSDDate,,BenchmarkParseXSDDate,5292866,45.16,0,0,paired,,r9-value-2-baseline.txt
r9,value,baseline,2,3,52,BenchmarkParseXSDDateTime,,BenchmarkParseXSDDateTime,5293143,45.13,0,0,paired,,r9-value-2-baseline.txt
r9,value,baseline,2,3,52,BenchmarkParseXSDTime,,BenchmarkParseXSDTime,9376022,25.33,0,0,paired,,r9-value-2-baseline.txt
r9,value,baseline,2,3,52,BenchmarkPublishedRawUnionLateMember,,BenchmarkPublishedRawUnionLateMember,6070928,41.72,0,0,diagnostic,old bool+error union API versus current typed Value+error API; exclude from acceptance,r9-value-2-baseline.txt
r9,value,current,2,4,51,BenchmarkParseDecimal,,BenchmarkParseDecimal,6154732,39.25,0,0,paired,,r9-value-2-current.txt
r9,value,current,2,4,51,BenchmarkParseXSDDate,,BenchmarkParseXSDDate,5563803,43.1,0,0,paired,,r9-value-2-current.txt
r9,value,current,2,4,51,BenchmarkParseXSDDateTime,,BenchmarkParseXSDDateTime,5352298,45.28,0,0,paired,,r9-value-2-current.txt
r9,value,current,2,4,51,BenchmarkParseXSDTime,,BenchmarkParseXSDTime,9376540,25.39,0,0,paired,,r9-value-2-current.txt
r9,value,current,2,4,51,BenchmarkSimplePatternVariableNoMatchGroupScratch,,BenchmarkSimplePatternVariableNoMatchGroupScratch,1593,149603,0,0,paired,,r9-value-2-current.txt
r9,value,current,2,4,51,BenchmarkPublishedRawUnionLateMember,,BenchmarkPublishedRawUnionLateMember,3580342,67.41,0,0,diagnostic,old bool+error union API versus current typed Value+error API; exclude from acceptance,r9-value-2-current.txt
r9,value,baseline,3,5,53,BenchmarkSimplePatternVariableNoMatchGroupScratch,,BenchmarkSimplePatternVariableNoMatchGroupScratch,722,324716,16,1,paired,,r9-value-3-baseline.txt
r9,value,baseline,3,5,53,BenchmarkParseDecimal,,BenchmarkParseDecimal,5779969,41.48,0,0,paired,,r9-value-3-baseline.txt
r9,value,baseline,3,5,53,BenchmarkParseXSDDate,,BenchmarkParseXSDDate,5299396,45.83,0,0,paired,,r9-value-3-baseline.txt
r9,value,baseline,3,5,53,BenchmarkParseXSDDateTime,,BenchmarkParseXSDDateTime,4984639,47.72,0,0,paired,,r9-value-3-baseline.txt
r9,value,baseline,3,5,53,BenchmarkParseXSDTime,,BenchmarkParseXSDTime,9297565,29.22,0,0,paired,,r9-value-3-baseline.txt
r9,value,baseline,3,5,53,BenchmarkPublishedRawUnionLateMember,,BenchmarkPublishedRawUnionLateMember,6154194,39.47,0,0,diagnostic,old bool+error union API versus current typed Value+error API; exclude from acceptance,r9-value-3-baseline.txt
r9,value,current,3,6,54,BenchmarkParseDecimal,,BenchmarkParseDecimal,5954644,41.9,0,0,paired,,r9-value-3-current.txt
r9,value,current,3,6,54,BenchmarkParseXSDDate,,BenchmarkParseXSDDate,5129725,45.8,0,0,paired,,r9-value-3-current.txt
r9,value,current,3,6,54,BenchmarkParseXSDDateTime,,BenchmarkParseXSDDateTime,4968511,49.39,0,0,paired,,r9-value-3-current.txt
r9,value,current,3,6,54,BenchmarkParseXSDTime,,BenchmarkParseXSDTime,9207837,27.31,0,0,paired,,r9-value-3-current.txt
r9,value,current,3,6,54,BenchmarkSimplePatternVariableNoMatchGroupScratch,,BenchmarkSimplePatternVariableNoMatchGroupScratch,1540,152376,0,0,paired,,r9-value-3-current.txt
r9,value,current,3,6,54,BenchmarkPublishedRawUnionLateMember,,BenchmarkPublishedRawUnionLateMember,3608392,65.27,0,0,diagnostic,old bool+error union API versus current typed Value+error API; exclude from acceptance,r9-value-3-current.txt
r9,value,baseline,4,7,56,BenchmarkSimplePatternVariableNoMatchGroupScratch,,BenchmarkSimplePatternVariableNoMatchGroupScratch,721,310950,16,1,paired,,r9-value-4-baseline.txt
r9,value,baseline,4,7,56,BenchmarkParseDecimal,,BenchmarkParseDecimal,6215361,38.88,0,0,paired,,r9-value-4-baseline.txt
r9,value,baseline,4,7,56,BenchmarkParseXSDDate,,BenchmarkParseXSDDate,5512192,44.01,0,0,paired,,r9-value-4-baseline.txt
r9,value,baseline,4,7,56,BenchmarkParseXSDDateTime,,BenchmarkParseXSDDateTime,5038602,47.11,0,0,paired,,r9-value-4-baseline.txt
r9,value,baseline,4,7,56,BenchmarkParseXSDTime,,BenchmarkParseXSDTime,8895381,26.92,0,0,paired,,r9-value-4-baseline.txt
r9,value,baseline,4,7,56,BenchmarkPublishedRawUnionLateMember,,BenchmarkPublishedRawUnionLateMember,5913022,41.29,0,0,diagnostic,old bool+error union API versus current typed Value+error API; exclude from acceptance,r9-value-4-baseline.txt
r9,value,current,4,8,55,BenchmarkParseDecimal,,BenchmarkParseDecimal,6194686,39.48,0,0,paired,,r9-value-4-current.txt
r9,value,current,4,8,55,BenchmarkParseXSDDate,,BenchmarkParseXSDDate,5534044,44.47,0,0,paired,,r9-value-4-current.txt
r9,value,current,4,8,55,BenchmarkParseXSDDateTime,,BenchmarkParseXSDDateTime,5114071,47.19,0,0,paired,,r9-value-4-current.txt
r9,value,current,4,8,55,BenchmarkParseXSDTime,,BenchmarkParseXSDTime,9194154,26.96,0,0,paired,,r9-value-4-current.txt
r9,value,current,4,8,55,BenchmarkSimplePatternVariableNoMatchGroupScratch,,BenchmarkSimplePatternVariableNoMatchGroupScratch,1600,146637,0,0,paired,,r9-value-4-current.txt
r9,value,current,4,8,55,BenchmarkPublishedRawUnionLateMember,,BenchmarkPublishedRawUnionLateMember,3511105,69.05,0,0,diagnostic,old bool+error union API versus current typed Value+error API; exclude from acceptance,r9-value-4-current.txt
r9,value,baseline,5,9,57,BenchmarkSimplePatternVariableNoMatchGroupScratch,,BenchmarkSimplePatternVariableNoMatchGroupScratch,729,327732,16,1,paired,,r9-value-5-baseline.txt
r9,value,baseline,5,9,57,BenchmarkParseDecimal,,BenchmarkParseDecimal,5853372,40.13,0,0,paired,,r9-value-5-baseline.txt
r9,value,baseline,5,9,57,BenchmarkParseXSDDate,,BenchmarkParseXSDDate,5552608,43.54,0,0,paired,,r9-value-5-baseline.txt
r9,value,baseline,5,9,57,BenchmarkParseXSDDateTime,,BenchmarkParseXSDDateTime,5289201,45.26,0,0,paired,,r9-value-5-baseline.txt
r9,value,baseline,5,9,57,BenchmarkParseXSDTime,,BenchmarkParseXSDTime,8794389,27.44,0,0,paired,,r9-value-5-baseline.txt
r9,value,baseline,5,9,57,BenchmarkPublishedRawUnionLateMember,,BenchmarkPublishedRawUnionLateMember,5924652,41.33,0,0,diagnostic,old bool+error union API versus current typed Value+error API; exclude from acceptance,r9-value-5-baseline.txt
r9,value,current,5,10,58,BenchmarkParseDecimal,,BenchmarkParseDecimal,5740104,41.27,0,0,paired,,r9-value-5-current.txt
r9,value,current,5,10,58,BenchmarkParseXSDDate,,BenchmarkParseXSDDate,5210938,46.01,0,0,paired,,r9-value-5-current.txt
r9,value,current,5,10,58,BenchmarkParseXSDDateTime,,BenchmarkParseXSDDateTime,5000347,47.35,0,0,paired,,r9-value-5-current.txt
r9,value,current,5,10,58,BenchmarkParseXSDTime,,BenchmarkParseXSDTime,9518316,25.56,0,0,paired,,r9-value-5-current.txt
r9,value,current,5,10,58,BenchmarkSimplePatternVariableNoMatchGroupScratch,,BenchmarkSimplePatternVariableNoMatchGroupScratch,1699,141934,0,0,paired,,r9-value-5-current.txt
r9,value,current,5,10,58,BenchmarkPublishedRawUnionLateMember,,BenchmarkPublishedRawUnionLateMember,3756430,67.21,0,0,diagnostic,old bool+error union API versus current typed Value+error API; exclude from acceptance,r9-value-5-current.txt
r9,value,baseline,6,11,60,BenchmarkSimplePatternVariableNoMatchGroupScratch,,BenchmarkSimplePatternVariableNoMatchGroupScratch,770,318436,16,1,paired,,r9-value-6-baseline.txt
r9,value,baseline,6,11,60,BenchmarkParseDecimal,,BenchmarkParseDecimal,5932358,41.69,0,0,paired,,r9-value-6-baseline.txt
r9,value,baseline,6,11,60,BenchmarkParseXSDDate,,BenchmarkParseXSDDate,5183607,45.62,0,0,paired,,r9-value-6-baseline.txt
r9,value,baseline,6,11,60,BenchmarkParseXSDDateTime,,BenchmarkParseXSDDateTime,4943534,57.07,0,0,paired,,r9-value-6-baseline.txt
r9,value,baseline,6,11,60,BenchmarkParseXSDTime,,BenchmarkParseXSDTime,9072608,26.93,0,0,paired,,r9-value-6-baseline.txt
r9,value,baseline,6,11,60,BenchmarkPublishedRawUnionLateMember,,BenchmarkPublishedRawUnionLateMember,5823975,39.74,0,0,diagnostic,old bool+error union API versus current typed Value+error API; exclude from acceptance,r9-value-6-baseline.txt
r9,value,current,6,12,59,BenchmarkParseDecimal,,BenchmarkParseDecimal,5863932,40.83,0,0,paired,,r9-value-6-current.txt
r9,value,current,6,12,59,BenchmarkParseXSDDate,,BenchmarkParseXSDDate,5229360,45.42,0,0,paired,,r9-value-6-current.txt
r9,value,current,6,12,59,BenchmarkParseXSDDateTime,,BenchmarkParseXSDDateTime,5202852,47.13,0,0,paired,,r9-value-6-current.txt
r9,value,current,6,12,59,BenchmarkParseXSDTime,,BenchmarkParseXSDTime,9085186,26.5,0,0,paired,,r9-value-6-current.txt
r9,value,current,6,12,59,BenchmarkSimplePatternVariableNoMatchGroupScratch,,BenchmarkSimplePatternVariableNoMatchGroupScratch,1662,141328,0,0,paired,,r9-value-6-current.txt
r9,value,current,6,12,59,BenchmarkPublishedRawUnionLateMember,,BenchmarkPublishedRawUnionLateMember,3750560,63.97,0,0,diagnostic,old bool+error union API versus current typed Value+error API; exclude from acceptance,r9-value-6-current.txt
r9,stream,baseline,1,1,61,BenchmarkParserReferences/first,,BenchmarkParserReferences/first,1647,153947,32,1,paired,,r9-stream-1-baseline.txt
r9,stream,baseline,1,1,61,BenchmarkParserReferences/interior,,BenchmarkParserReferences/interior,1388,164122,32,1,paired,,r9-stream-1-baseline.txt
r9,stream,baseline,1,1,61,BenchmarkParserLazyWideAttributes,,BenchmarkParserLazyWideAttributes,258,944052,32,1,paired,,r9-stream-1-baseline.txt
r9,stream,baseline,1,1,61,BenchmarkParserLazyWideAttributesMaterialized,,BenchmarkParserLazyWideAttributesMaterialized,181,1317877,122912,7681,paired,,r9-stream-1-baseline.txt
r9,stream,baseline,1,1,61,BenchmarkParserCharacterData,,BenchmarkParserCharacterData,14006,16943,32,1,paired,,r9-stream-1-baseline.txt
r9,stream,baseline,1,1,61,BenchmarkParserMixedSmallTokens,,BenchmarkParserMixedSmallTokens,273,880654,32,1,paired,,r9-stream-1-baseline.txt
r9,stream,baseline,1,1,61,BenchmarkParserCDATABufferBoundary,,BenchmarkParserCDATABufferBoundary,412,572805,32,1,paired,,r9-stream-1-baseline.txt
r9,stream,current,1,2,62,BenchmarkParserReferences/first,,BenchmarkParserReferences/first,1662,152754,32,1,paired,,r9-stream-1-current.txt
r9,stream,current,1,2,62,BenchmarkParserReferences/interior,,BenchmarkParserReferences/interior,1405,165706,32,1,paired,,r9-stream-1-current.txt
r9,stream,current,1,2,62,BenchmarkParserLazyWideAttributes,,BenchmarkParserLazyWideAttributes,258,925254,32,1,paired,,r9-stream-1-current.txt
r9,stream,current,1,2,62,BenchmarkParserLazyWideAttributesMaterialized,,BenchmarkParserLazyWideAttributesMaterialized,188,1255254,122912,7681,paired,,r9-stream-1-current.txt
r9,stream,current,1,2,62,BenchmarkParserCharacterData,,BenchmarkParserCharacterData,14478,16506,32,1,paired,,r9-stream-1-current.txt
r9,stream,current,1,2,62,BenchmarkParserMixedSmallTokens,,BenchmarkParserMixedSmallTokens,295,802860,32,1,paired,,r9-stream-1-current.txt
r9,stream,current,1,2,62,BenchmarkParserCDATABufferBoundary,,BenchmarkParserCDATABufferBoundary,398,603077,32,1,paired,,r9-stream-1-current.txt
r9,stream,baseline,2,3,64,BenchmarkParserReferences/first,,BenchmarkParserReferences/first,1610,157418,32,1,paired,,r9-stream-2-baseline.txt
r9,stream,baseline,2,3,64,BenchmarkParserReferences/interior,,BenchmarkParserReferences/interior,1480,163658,32,1,paired,,r9-stream-2-baseline.txt
r9,stream,baseline,2,3,64,BenchmarkParserLazyWideAttributes,,BenchmarkParserLazyWideAttributes,246,953140,32,1,paired,,r9-stream-2-baseline.txt
r9,stream,baseline,2,3,64,BenchmarkParserLazyWideAttributesMaterialized,,BenchmarkParserLazyWideAttributesMaterialized,183,1297876,122912,7681,paired,,r9-stream-2-baseline.txt
r9,stream,baseline,2,3,64,BenchmarkParserCharacterData,,BenchmarkParserCharacterData,14208,16758,32,1,paired,,r9-stream-2-baseline.txt
r9,stream,baseline,2,3,64,BenchmarkParserMixedSmallTokens,,BenchmarkParserMixedSmallTokens,270,885027,32,1,paired,,r9-stream-2-baseline.txt
r9,stream,baseline,2,3,64,BenchmarkParserCDATABufferBoundary,,BenchmarkParserCDATABufferBoundary,423,569706,32,1,paired,,r9-stream-2-baseline.txt
r9,stream,current,2,4,63,BenchmarkParserReferences/first,,BenchmarkParserReferences/first,1528,154353,32,1,paired,,r9-stream-2-current.txt
r9,stream,current,2,4,63,BenchmarkParserReferences/interior,,BenchmarkParserReferences/interior,1417,162042,32,1,paired,,r9-stream-2-current.txt
r9,stream,current,2,4,63,BenchmarkParserLazyWideAttributes,,BenchmarkParserLazyWideAttributes,253,933832,32,1,paired,,r9-stream-2-current.txt
r9,stream,current,2,4,63,BenchmarkParserLazyWideAttributesMaterialized,,BenchmarkParserLazyWideAttributesMaterialized,190,1265777,122912,7681,paired,,r9-stream-2-current.txt
r9,stream,current,2,4,63,BenchmarkParserCharacterData,,BenchmarkParserCharacterData,13939,16992,32,1,paired,,r9-stream-2-current.txt
r9,stream,current,2,4,63,BenchmarkParserMixedSmallTokens,,BenchmarkParserMixedSmallTokens,297,805509,32,1,paired,,r9-stream-2-current.txt
r9,stream,current,2,4,63,BenchmarkParserCDATABufferBoundary,,BenchmarkParserCDATABufferBoundary,405,589753,32,1,paired,,r9-stream-2-current.txt
r9,stream,baseline,3,5,65,BenchmarkParserReferences/first,,BenchmarkParserReferences/first,1628,156068,32,1,paired,,r9-stream-3-baseline.txt
r9,stream,baseline,3,5,65,BenchmarkParserReferences/interior,,BenchmarkParserReferences/interior,1472,160303,32,1,paired,,r9-stream-3-baseline.txt
r9,stream,baseline,3,5,65,BenchmarkParserLazyWideAttributes,,BenchmarkParserLazyWideAttributes,253,938758,32,1,paired,,r9-stream-3-baseline.txt
r9,stream,baseline,3,5,65,BenchmarkParserLazyWideAttributesMaterialized,,BenchmarkParserLazyWideAttributesMaterialized,187,1311279,122912,7681,paired,,r9-stream-3-baseline.txt
r9,stream,baseline,3,5,65,BenchmarkParserCharacterData,,BenchmarkParserCharacterData,13876,17232,32,1,paired,,r9-stream-3-baseline.txt
r9,stream,baseline,3,5,65,BenchmarkParserMixedSmallTokens,,BenchmarkParserMixedSmallTokens,268,885699,32,1,paired,,r9-stream-3-baseline.txt
r9,stream,baseline,3,5,65,BenchmarkParserCDATABufferBoundary,,BenchmarkParserCDATABufferBoundary,418,572035,32,1,paired,,r9-stream-3-baseline.txt
r9,stream,current,3,6,66,BenchmarkParserReferences/first,,BenchmarkParserReferences/first,1646,150380,32,1,paired,,r9-stream-3-current.txt
r9,stream,current,3,6,66,BenchmarkParserReferences/interior,,BenchmarkParserReferences/interior,1615,159044,32,1,paired,,r9-stream-3-current.txt
r9,stream,current,3,6,66,BenchmarkParserLazyWideAttributes,,BenchmarkParserLazyWideAttributes,260,916223,32,1,paired,,r9-stream-3-current.txt
r9,stream,current,3,6,66,BenchmarkParserLazyWideAttributesMaterialized,,BenchmarkParserLazyWideAttributesMaterialized,195,1265435,122912,7681,paired,,r9-stream-3-current.txt
r9,stream,current,3,6,66,BenchmarkParserCharacterData,,BenchmarkParserCharacterData,13038,18256,32,1,paired,,r9-stream-3-current.txt
r9,stream,current,3,6,66,BenchmarkParserMixedSmallTokens,,BenchmarkParserMixedSmallTokens,291,807738,32,1,paired,,r9-stream-3-current.txt
r9,stream,current,3,6,66,BenchmarkParserCDATABufferBoundary,,BenchmarkParserCDATABufferBoundary,406,592437,32,1,paired,,r9-stream-3-current.txt
r9,stream,baseline,4,7,68,BenchmarkParserReferences/first,,BenchmarkParserReferences/first,1640,150772,32,1,paired,,r9-stream-4-baseline.txt
r9,stream,baseline,4,7,68,BenchmarkParserReferences/interior,,BenchmarkParserReferences/interior,1540,162887,32,1,paired,,r9-stream-4-baseline.txt
r9,stream,baseline,4,7,68,BenchmarkParserLazyWideAttributes,,BenchmarkParserLazyWideAttributes,259,949305,32,1,paired,,r9-stream-4-baseline.txt
r9,stream,baseline,4,7,68,BenchmarkParserLazyWideAttributesMaterialized,,BenchmarkParserLazyWideAttributesMaterialized,184,1301790,122912,7681,paired,,r9-stream-4-baseline.txt
r9,stream,baseline,4,7,68,BenchmarkParserCharacterData,,BenchmarkParserCharacterData,14013,17003,32,1,paired,,r9-stream-4-baseline.txt
r9,stream,baseline,4,7,68,BenchmarkParserMixedSmallTokens,,BenchmarkParserMixedSmallTokens,237,950647,32,1,paired,,r9-stream-4-baseline.txt
r9,stream,baseline,4,7,68,BenchmarkParserCDATABufferBoundary,,BenchmarkParserCDATABufferBoundary,416,570266,32,1,paired,,r9-stream-4-baseline.txt
r9,stream,current,4,8,67,BenchmarkParserReferences/first,,BenchmarkParserReferences/first,1650,149466,32,1,paired,,r9-stream-4-current.txt
r9,stream,current,4,8,67,BenchmarkParserReferences/interior,,BenchmarkParserReferences/interior,1533,156222,32,1,paired,,r9-stream-4-current.txt
r9,stream,current,4,8,67,BenchmarkParserLazyWideAttributes,,BenchmarkParserLazyWideAttributes,266,916490,32,1,paired,,r9-stream-4-current.txt
r9,stream,current,4,8,67,BenchmarkParserLazyWideAttributesMaterialized,,BenchmarkParserLazyWideAttributesMaterialized,192,1255096,122912,7681,paired,,r9-stream-4-current.txt
r9,stream,current,4,8,67,BenchmarkParserCharacterData,,BenchmarkParserCharacterData,13690,17527,32,1,paired,,r9-stream-4-current.txt
r9,stream,current,4,8,67,BenchmarkParserMixedSmallTokens,,BenchmarkParserMixedSmallTokens,279,820160,32,1,paired,,r9-stream-4-current.txt
r9,stream,current,4,8,67,BenchmarkParserCDATABufferBoundary,,BenchmarkParserCDATABufferBoundary,402,591789,32,1,paired,,r9-stream-4-current.txt
r9,stream,baseline,5,9,69,BenchmarkParserReferences/first,,BenchmarkParserReferences/first,1650,148921,32,1,paired,,r9-stream-5-baseline.txt
r9,stream,baseline,5,9,69,BenchmarkParserReferences/interior,,BenchmarkParserReferences/interior,1592,165007,32,1,paired,,r9-stream-5-baseline.txt
r9,stream,baseline,5,9,69,BenchmarkParserLazyWideAttributes,,BenchmarkParserLazyWideAttributes,255,939102,32,1,paired,,r9-stream-5-baseline.txt
r9,stream,baseline,5,9,69,BenchmarkParserLazyWideAttributesMaterialized,,BenchmarkParserLazyWideAttributesMaterialized,182,1301151,122912,7681,paired,,r9-stream-5-baseline.txt
r9,stream,baseline,5,9,69,BenchmarkParserCharacterData,,BenchmarkParserCharacterData,14250,16737,32,1,paired,,r9-stream-5-baseline.txt
r9,stream,baseline,5,9,69,BenchmarkParserMixedSmallTokens,,BenchmarkParserMixedSmallTokens,254,922641,32,1,paired,,r9-stream-5-baseline.txt
r9,stream,baseline,5,9,69,BenchmarkParserCDATABufferBoundary,,BenchmarkParserCDATABufferBoundary,418,572723,32,1,paired,,r9-stream-5-baseline.txt
r9,stream,current,5,10,70,BenchmarkParserReferences/first,,BenchmarkParserReferences/first,1664,146642,32,1,paired,,r9-stream-5-current.txt
r9,stream,current,5,10,70,BenchmarkParserReferences/interior,,BenchmarkParserReferences/interior,1604,158770,32,1,paired,,r9-stream-5-current.txt
r9,stream,current,5,10,70,BenchmarkParserLazyWideAttributes,,BenchmarkParserLazyWideAttributes,249,915083,32,1,paired,,r9-stream-5-current.txt
r9,stream,current,5,10,70,BenchmarkParserLazyWideAttributesMaterialized,,BenchmarkParserLazyWideAttributesMaterialized,196,1213668,122912,7681,paired,,r9-stream-5-current.txt
r9,stream,current,5,10,70,BenchmarkParserCharacterData,,BenchmarkParserCharacterData,13717,17313,32,1,paired,,r9-stream-5-current.txt
r9,stream,current,5,10,70,BenchmarkParserMixedSmallTokens,,BenchmarkParserMixedSmallTokens,278,840977,32,1,paired,,r9-stream-5-current.txt
r9,stream,current,5,10,70,BenchmarkParserCDATABufferBoundary,,BenchmarkParserCDATABufferBoundary,396,595811,32,1,paired,,r9-stream-5-current.txt
r9,stream,baseline,6,11,72,BenchmarkParserReferences/first,,BenchmarkParserReferences/first,1586,149105,32,1,paired,,r9-stream-6-baseline.txt
r9,stream,baseline,6,11,72,BenchmarkParserReferences/interior,,BenchmarkParserReferences/interior,1579,153942,32,1,paired,,r9-stream-6-baseline.txt
r9,stream,baseline,6,11,72,BenchmarkParserLazyWideAttributes,,BenchmarkParserLazyWideAttributes,254,929241,32,1,paired,,r9-stream-6-baseline.txt
r9,stream,baseline,6,11,72,BenchmarkParserLazyWideAttributesMaterialized,,BenchmarkParserLazyWideAttributesMaterialized,196,1249795,122912,7681,paired,,r9-stream-6-baseline.txt
r9,stream,baseline,6,11,72,BenchmarkParserCharacterData,,BenchmarkParserCharacterData,13683,17396,32,1,paired,,r9-stream-6-baseline.txt
r9,stream,baseline,6,11,72,BenchmarkParserMixedSmallTokens,,BenchmarkParserMixedSmallTokens,253,932983,32,1,paired,,r9-stream-6-baseline.txt
r9,stream,baseline,6,11,72,BenchmarkParserCDATABufferBoundary,,BenchmarkParserCDATABufferBoundary,398,587293,32,1,paired,,r9-stream-6-baseline.txt
r9,stream,current,6,12,71,BenchmarkParserReferences/first,,BenchmarkParserReferences/first,1650,145902,32,1,paired,,r9-stream-6-current.txt
r9,stream,current,6,12,71,BenchmarkParserReferences/interior,,BenchmarkParserReferences/interior,1604,155340,32,1,paired,,r9-stream-6-current.txt
r9,stream,current,6,12,71,BenchmarkParserLazyWideAttributes,,BenchmarkParserLazyWideAttributes,262,917788,32,1,paired,,r9-stream-6-current.txt
r9,stream,current,6,12,71,BenchmarkParserLazyWideAttributesMaterialized,,BenchmarkParserLazyWideAttributesMaterialized,193,1254310,122912,7681,paired,,r9-stream-6-current.txt
r9,stream,current,6,12,71,BenchmarkParserCharacterData,,BenchmarkParserCharacterData,13778,17323,32,1,paired,,r9-stream-6-current.txt
r9,stream,current,6,12,71,BenchmarkParserMixedSmallTokens,,BenchmarkParserMixedSmallTokens,283,838562,32,1,paired,,r9-stream-6-current.txt
r9,stream,current,6,12,71,BenchmarkParserCDATABufferBoundary,,BenchmarkParserCDATABufferBoundary,372,611065,32,1,paired,,r9-stream-6-current.txt
r9,duration,baseline,1,1,85,BenchmarkDurationParse/P1Y2M3DT4H5M6.7S,,BenchmarkDurationParse/P1Y2M3DT4H5M6.7S,4887037,51.84,0,0,paired,,r9-duration-1-baseline.txt
r9,duration,baseline,1,1,85,BenchmarkDurationParse/PT0.5S,,BenchmarkDurationParse/PT0.5S,9015283,25.33,0,0,paired,,r9-duration-1-baseline.txt
r9,duration,current,1,2,86,BenchmarkDurationParse/P1Y2M3DT4H5M6.7S,,BenchmarkDurationParse/P1Y2M3DT4H5M6.7S,4558761,51.78,0,0,paired,,r9-duration-1-current.txt
r9,duration,current,1,2,86,BenchmarkDurationParse/PT0.5S,,BenchmarkDurationParse/PT0.5S,17455072,13.53,0,0,paired,,r9-duration-1-current.txt
r9,duration,baseline,2,3,88,BenchmarkDurationParse/P1Y2M3DT4H5M6.7S,,BenchmarkDurationParse/P1Y2M3DT4H5M6.7S,4641574,52.03,0,0,paired,,r9-duration-2-baseline.txt
r9,duration,baseline,2,3,88,BenchmarkDurationParse/PT0.5S,,BenchmarkDurationParse/PT0.5S,9524990,24.59,0,0,paired,,r9-duration-2-baseline.txt
r9,duration,current,2,4,87,BenchmarkDurationParse/P1Y2M3DT4H5M6.7S,,BenchmarkDurationParse/P1Y2M3DT4H5M6.7S,4865526,48.93,0,0,paired,,r9-duration-2-current.txt
r9,duration,current,2,4,87,BenchmarkDurationParse/PT0.5S,,BenchmarkDurationParse/PT0.5S,18882459,13.01,0,0,paired,,r9-duration-2-current.txt
r9,duration,baseline,3,5,89,BenchmarkDurationParse/P1Y2M3DT4H5M6.7S,,BenchmarkDurationParse/P1Y2M3DT4H5M6.7S,4657329,52.29,0,0,paired,,r9-duration-3-baseline.txt
r9,duration,baseline,3,5,89,BenchmarkDurationParse/PT0.5S,,BenchmarkDurationParse/PT0.5S,9711684,24.94,0,0,paired,,r9-duration-3-baseline.txt
r9,duration,current,3,6,90,BenchmarkDurationParse/P1Y2M3DT4H5M6.7S,,BenchmarkDurationParse/P1Y2M3DT4H5M6.7S,4639500,51.51,0,0,paired,,r9-duration-3-current.txt
r9,duration,current,3,6,90,BenchmarkDurationParse/PT0.5S,,BenchmarkDurationParse/PT0.5S,18353650,12.97,0,0,paired,,r9-duration-3-current.txt
r9,duration,baseline,4,7,92,BenchmarkDurationParse/P1Y2M3DT4H5M6.7S,,BenchmarkDurationParse/P1Y2M3DT4H5M6.7S,4475812,52.15,0,0,paired,,r9-duration-4-baseline.txt
r9,duration,baseline,4,7,92,BenchmarkDurationParse/PT0.5S,,BenchmarkDurationParse/PT0.5S,10069612,24.67,0,0,paired,,r9-duration-4-baseline.txt
r9,duration,current,4,8,91,BenchmarkDurationParse/P1Y2M3DT4H5M6.7S,,BenchmarkDurationParse/P1Y2M3DT4H5M6.7S,4893393,49.07,0,0,paired,,r9-duration-4-current.txt
r9,duration,current,4,8,91,BenchmarkDurationParse/PT0.5S,,BenchmarkDurationParse/PT0.5S,18587121,13.34,0,0,paired,,r9-duration-4-current.txt
r9,duration,baseline,5,9,93,BenchmarkDurationParse/P1Y2M3DT4H5M6.7S,,BenchmarkDurationParse/P1Y2M3DT4H5M6.7S,4588602,51.94,0,0,paired,,r9-duration-5-baseline.txt
r9,duration,baseline,5,9,93,BenchmarkDurationParse/PT0.5S,,BenchmarkDurationParse/PT0.5S,9175670,24.93,0,0,paired,,r9-duration-5-baseline.txt
r9,duration,current,5,10,94,BenchmarkDurationParse/P1Y2M3DT4H5M6.7S,,BenchmarkDurationParse/P1Y2M3DT4H5M6.7S,4832875,49.4,0,0,paired,,r9-duration-5-current.txt
r9,duration,current,5,10,94,BenchmarkDurationParse/PT0.5S,,BenchmarkDurationParse/PT0.5S,18784118,13.02,0,0,paired,,r9-duration-5-current.txt
r9,duration,baseline,6,11,96,BenchmarkDurationParse/P1Y2M3DT4H5M6.7S,,BenchmarkDurationParse/P1Y2M3DT4H5M6.7S,4539854,52.78,0,0,paired,,r9-duration-6-baseline.txt
r9,duration,baseline,6,11,96,BenchmarkDurationParse/PT0.5S,,BenchmarkDurationParse/PT0.5S,9657088,24.89,0,0,paired,,r9-duration-6-baseline.txt
r9,duration,current,6,12,95,BenchmarkDurationParse/P1Y2M3DT4H5M6.7S,,BenchmarkDurationParse/P1Y2M3DT4H5M6.7S,4879027,50.41,0,0,paired,,r9-duration-6-current.txt
r9,duration,current,6,12,95,BenchmarkDurationParse/PT0.5S,,BenchmarkDurationParse/PT0.5S,18226464,13.65,0,0,paired,,r9-duration-6-current.txt
r9,validate,baseline,1,1,1,BenchmarkRecordIdentityValueIDREFS/refs_1,,BenchmarkRecordIdentityValueIDREFS/refs_1,4659808,52.71,0,0,paired,,r9-validate-1-baseline.txt
r9,validate,baseline,1,1,1,BenchmarkRecordIdentityValueIDREFS/refs_10,,BenchmarkRecordIdentityValueIDREFS/refs_10,1408779,169.5,0,0,paired,,r9-validate-1-baseline.txt
r9,validate,baseline,1,1,1,BenchmarkRecordIdentityValueIDREFS/refs_100,,BenchmarkRecordIdentityValueIDREFS/refs_100,191857,1242,0,0,paired,,r9-validate-1-baseline.txt
r9,validate,baseline,1,1,1,BenchmarkRecordIdentityValueIDREFS/refs_1000,,BenchmarkRecordIdentityValueIDREFS/refs_1000,19051,12560,8,0,paired,,r9-validate-1-baseline.txt
r9,validate,baseline,1,1,1,BenchmarkCheckXMLWellFormedNested/depth_10,,BenchmarkCheckXMLWellFormedNested/depth_10,31687,7611,82248,24,paired,,r9-validate-1-baseline.txt
r9,validate,baseline,1,1,1,BenchmarkCheckXMLWellFormedNested/depth_100,,BenchmarkCheckXMLWellFormedNested/depth_100,7231,33039,139592,30,paired,,r9-validate-1-baseline.txt
r9,validate,baseline,1,1,1,BenchmarkCheckXMLWellFormedNested/depth_1000,,BenchmarkCheckXMLWellFormedNested/depth_1000,934,250732,549192,36,paired,,r9-validate-1-baseline.txt
r9,validate,baseline,1,1,1,BenchmarkNestedIdentityTablePropagation/depth_16,,BenchmarkNestedIdentityTablePropagation/depth_16,37976,6439,15944,70,paired,,r9-validate-1-baseline.txt
r9,validate,baseline,1,1,1,BenchmarkNestedIdentityTablePropagation/depth_64,,BenchmarkNestedIdentityTablePropagation/depth_64,9726,25686,66440,266,paired,,r9-validate-1-baseline.txt
r9,validate,baseline,1,1,1,BenchmarkNestedIdentityTablePropagation/depth_256,,BenchmarkNestedIdentityTablePropagation/depth_256,2005,104776,268104,1038,paired,,r9-validate-1-baseline.txt
r9,validate,baseline,1,1,1,BenchmarkSchemaLocationHintsRecordDuplicateAttributes/namespaces=1,,BenchmarkSchemaLocationHintsRecordDuplicateAttributes/namespaces=1,930998,256.3,0,0,paired,,r9-validate-1-baseline.txt
r9,validate,baseline,1,1,1,BenchmarkSchemaLocationHintsRecordDuplicateAttributes/namespaces=256,,BenchmarkSchemaLocationHintsRecordDuplicateAttributes/namespaces=256,931119,261.5,0,0,paired,,r9-validate-1-baseline.txt
r9,validate,baseline,1,1,1,BenchmarkIdentityDirectFieldPath/compiled_match,,BenchmarkIdentityDirectFieldPath/direct_match,97325258,2.363,0,0,paired,,r9-validate-1-baseline.txt
r9,validate,baseline,1,1,1,BenchmarkIdentityDirectFieldPath/compiled_miss,,BenchmarkIdentityDirectFieldPath/direct_miss,87372013,2.328,0,0,paired,,r9-validate-1-baseline.txt
r9,validate,current,1,2,2,BenchmarkRecordIdentityValueIDREFS/refs_1,,BenchmarkRecordIdentityValueIDREFS/refs_1,4997149,47.81,0,0,paired,,r9-validate-1-current.txt
r9,validate,current,1,2,2,BenchmarkRecordIdentityValueIDREFS/refs_10,,BenchmarkRecordIdentityValueIDREFS/refs_10,1471994,165.5,0,0,paired,,r9-validate-1-current.txt
r9,validate,current,1,2,2,BenchmarkRecordIdentityValueIDREFS/refs_100,,BenchmarkRecordIdentityValueIDREFS/refs_100,178231,1317,0,0,paired,,r9-validate-1-current.txt
r9,validate,current,1,2,2,BenchmarkRecordIdentityValueIDREFS/refs_1000,,BenchmarkRecordIdentityValueIDREFS/refs_1000,18220,13213,8,0,paired,,r9-validate-1-current.txt
r9,validate,current,1,2,2,BenchmarkCheckXMLWellFormedNested/depth_10,,BenchmarkCheckXMLWellFormedNested/depth_10,32224,7391,79056,17,paired,,r9-validate-1-current.txt
r9,validate,current,1,2,2,BenchmarkCheckXMLWellFormedNested/depth_100,,BenchmarkCheckXMLWellFormedNested/depth_100,8059,29432,117456,23,paired,,r9-validate-1-current.txt
r9,validate,current,1,2,2,BenchmarkCheckXMLWellFormedNested/depth_1000,,BenchmarkCheckXMLWellFormedNested/depth_1000,852,260330,400081,29,paired,,r9-validate-1-current.txt
r9,validate,current,1,2,2,BenchmarkNestedIdentityTablePropagation/depth_16,,BenchmarkNestedIdentityTablePropagation/depth_16,29140,7805,15944,70,paired,,r9-validate-1-current.txt
r9,validate,current,1,2,2,BenchmarkNestedIdentityTablePropagation/depth_64,,BenchmarkNestedIdentityTablePropagation/depth_64,9242,24190,66440,266,paired,,r9-validate-1-current.txt
r9,validate,current,1,2,2,BenchmarkNestedIdentityTablePropagation/depth_256,,BenchmarkNestedIdentityTablePropagation/depth_256,2340,106145,268104,1038,paired,,r9-validate-1-current.txt
r9,validate,current,1,2,2,BenchmarkSchemaLocationHintsRecordDuplicateAttributes/namespaces=1,,BenchmarkSchemaLocationHintsRecordDuplicateAttributes/namespaces=1,872766,280.8,0,0,paired,,r9-validate-1-current.txt
r9,validate,current,1,2,2,BenchmarkSchemaLocationHintsRecordDuplicateAttributes/namespaces=256,,BenchmarkSchemaLocationHintsRecordDuplicateAttributes/namespaces=256,893203,286.6,0,0,paired,,r9-validate-1-current.txt
r9,validate,current,1,2,2,BenchmarkIdentityDirectFieldPath/compiled_match,,BenchmarkIdentityDirectFieldPath/compiled_match,100000000,2.293,0,0,paired,,r9-validate-1-current.txt
r9,validate,current,1,2,2,BenchmarkIdentityDirectFieldPath/compiled_miss,,BenchmarkIdentityDirectFieldPath/compiled_miss,100000000,2.27,0,0,paired,,r9-validate-1-current.txt
r9,validate,baseline,2,3,4,BenchmarkRecordIdentityValueIDREFS/refs_1,,BenchmarkRecordIdentityValueIDREFS/refs_1,4353658,52.64,0,0,paired,,r9-validate-2-baseline.txt
r9,validate,baseline,2,3,4,BenchmarkRecordIdentityValueIDREFS/refs_10,,BenchmarkRecordIdentityValueIDREFS/refs_10,1476754,162.7,0,0,paired,,r9-validate-2-baseline.txt
r9,validate,baseline,2,3,4,BenchmarkRecordIdentityValueIDREFS/refs_100,,BenchmarkRecordIdentityValueIDREFS/refs_100,191680,1235,0,0,paired,,r9-validate-2-baseline.txt
r9,validate,baseline,2,3,4,BenchmarkRecordIdentityValueIDREFS/refs_1000,,BenchmarkRecordIdentityValueIDREFS/refs_1000,18026,13213,8,0,paired,,r9-validate-2-baseline.txt
r9,validate,baseline,2,3,4,BenchmarkCheckXMLWellFormedNested/depth_10,,BenchmarkCheckXMLWellFormedNested/depth_10,31166,7759,82248,24,paired,,r9-validate-2-baseline.txt
r9,validate,baseline,2,3,4,BenchmarkCheckXMLWellFormedNested/depth_100,,BenchmarkCheckXMLWellFormedNested/depth_100,7864,33054,139592,30,paired,,r9-validate-2-baseline.txt
r9,validate,baseline,2,3,4,BenchmarkCheckXMLWellFormedNested/depth_1000,,BenchmarkCheckXMLWellFormedNested/depth_1000,949,253437,549192,36,paired,,r9-validate-2-baseline.txt
r9,validate,baseline,2,3,4,BenchmarkNestedIdentityTablePropagation/depth_16,,BenchmarkNestedIdentityTablePropagation/depth_16,36285,6707,15944,70,paired,,r9-validate-2-baseline.txt
r9,validate,baseline,2,3,4,BenchmarkNestedIdentityTablePropagation/depth_64,,BenchmarkNestedIdentityTablePropagation/depth_64,10000,24138,66440,266,paired,,r9-validate-2-baseline.txt
r9,validate,baseline,2,3,4,BenchmarkNestedIdentityTablePropagation/depth_256,,BenchmarkNestedIdentityTablePropagation/depth_256,2293,100350,268104,1038,paired,,r9-validate-2-baseline.txt
r9,validate,baseline,2,3,4,BenchmarkSchemaLocationHintsRecordDuplicateAttributes/namespaces=1,,BenchmarkSchemaLocationHintsRecordDuplicateAttributes/namespaces=1,940023,265.2,0,0,paired,,r9-validate-2-baseline.txt
r9,validate,baseline,2,3,4,BenchmarkSchemaLocationHintsRecordDuplicateAttributes/namespaces=256,,BenchmarkSchemaLocationHintsRecordDuplicateAttributes/namespaces=256,926774,270.5,0,0,paired,,r9-validate-2-baseline.txt
r9,validate,baseline,2,3,4,BenchmarkIdentityDirectFieldPath/compiled_match,,BenchmarkIdentityDirectFieldPath/direct_match,100000000,2.357,0,0,paired,,r9-validate-2-baseline.txt
r9,validate,baseline,2,3,4,BenchmarkIdentityDirectFieldPath/compiled_miss,,BenchmarkIdentityDirectFieldPath/direct_miss,100000000,2.244,0,0,paired,,r9-validate-2-baseline.txt
r9,validate,current,2,4,3,BenchmarkRecordIdentityValueIDREFS/refs_1,,BenchmarkRecordIdentityValueIDREFS/refs_1,5119816,47.32,0,0,paired,,r9-validate-2-current.txt
r9,validate,current,2,4,3,BenchmarkRecordIdentityValueIDREFS/refs_10,,BenchmarkRecordIdentityValueIDREFS/refs_10,1490744,160.3,0,0,paired,,r9-validate-2-current.txt
r9,validate,current,2,4,3,BenchmarkRecordIdentityValueIDREFS/refs_100,,BenchmarkRecordIdentityValueIDREFS/refs_100,192542,1262,0,0,paired,,r9-validate-2-current.txt
r9,validate,current,2,4,3,BenchmarkRecordIdentityValueIDREFS/refs_1000,,BenchmarkRecordIdentityValueIDREFS/refs_1000,18339,13143,8,0,paired,,r9-validate-2-current.txt
r9,validate,current,2,4,3,BenchmarkCheckXMLWellFormedNested/depth_10,,BenchmarkCheckXMLWellFormedNested/depth_10,31170,7482,79056,17,paired,,r9-validate-2-current.txt
r9,validate,current,2,4,3,BenchmarkCheckXMLWellFormedNested/depth_100,,BenchmarkCheckXMLWellFormedNested/depth_100,7916,29167,117456,23,paired,,r9-validate-2-current.txt
r9,validate,current,2,4,3,BenchmarkCheckXMLWellFormedNested/depth_1000,,BenchmarkCheckXMLWellFormedNested/depth_1000,1038,232923,400081,29,paired,,r9-validate-2-current.txt
r9,validate,current,2,4,3,BenchmarkNestedIdentityTablePropagation/depth_16,,BenchmarkNestedIdentityTablePropagation/depth_16,37513,6211,15944,70,paired,,r9-validate-2-current.txt
r9,validate,current,2,4,3,BenchmarkNestedIdentityTablePropagation/depth_64,,BenchmarkNestedIdentityTablePropagation/depth_64,9980,25112,66440,266,paired,,r9-validate-2-current.txt
r9,validate,current,2,4,3,BenchmarkNestedIdentityTablePropagation/depth_256,,BenchmarkNestedIdentityTablePropagation/depth_256,2491,104269,268104,1038,paired,,r9-validate-2-current.txt
r9,validate,current,2,4,3,BenchmarkSchemaLocationHintsRecordDuplicateAttributes/namespaces=1,,BenchmarkSchemaLocationHintsRecordDuplicateAttributes/namespaces=1,740482,286.4,0,0,paired,,r9-validate-2-current.txt
r9,validate,current,2,4,3,BenchmarkSchemaLocationHintsRecordDuplicateAttributes/namespaces=256,,BenchmarkSchemaLocationHintsRecordDuplicateAttributes/namespaces=256,875924,274.1,0,0,paired,,r9-validate-2-current.txt
r9,validate,current,2,4,3,BenchmarkIdentityDirectFieldPath/compiled_match,,BenchmarkIdentityDirectFieldPath/compiled_match,100000000,2.266,0,0,paired,,r9-validate-2-current.txt
r9,validate,current,2,4,3,BenchmarkIdentityDirectFieldPath/compiled_miss,,BenchmarkIdentityDirectFieldPath/compiled_miss,100000000,2.324,0,0,paired,,r9-validate-2-current.txt
r9,validate,baseline,3,5,5,BenchmarkRecordIdentityValueIDREFS/refs_1,,BenchmarkRecordIdentityValueIDREFS/refs_1,4695052,50.76,0,0,paired,,r9-validate-3-baseline.txt
r9,validate,baseline,3,5,5,BenchmarkRecordIdentityValueIDREFS/refs_10,,BenchmarkRecordIdentityValueIDREFS/refs_10,1473682,165.8,0,0,paired,,r9-validate-3-baseline.txt
r9,validate,baseline,3,5,5,BenchmarkRecordIdentityValueIDREFS/refs_100,,BenchmarkRecordIdentityValueIDREFS/refs_100,189511,1305,0,0,paired,,r9-validate-3-baseline.txt
r9,validate,baseline,3,5,5,BenchmarkRecordIdentityValueIDREFS/refs_1000,,BenchmarkRecordIdentityValueIDREFS/refs_1000,17875,13537,8,0,paired,,r9-validate-3-baseline.txt
r9,validate,baseline,3,5,5,BenchmarkCheckXMLWellFormedNested/depth_10,,BenchmarkCheckXMLWellFormedNested/depth_10,28033,8128,82248,24,paired,,r9-validate-3-baseline.txt
r9,validate,baseline,3,5,5,BenchmarkCheckXMLWellFormedNested/depth_100,,BenchmarkCheckXMLWellFormedNested/depth_100,7914,33833,139592,30,paired,,r9-validate-3-baseline.txt
r9,validate,baseline,3,5,5,BenchmarkCheckXMLWellFormedNested/depth_1000,,BenchmarkCheckXMLWellFormedNested/depth_1000,970,253078,549192,36,paired,,r9-validate-3-baseline.txt
r9,validate,baseline,3,5,5,BenchmarkNestedIdentityTablePropagation/depth_16,,BenchmarkNestedIdentityTablePropagation/depth_16,40381,6007,15944,70,paired,,r9-validate-3-baseline.txt
r9,validate,baseline,3,5,5,BenchmarkNestedIdentityTablePropagation/depth_64,,BenchmarkNestedIdentityTablePropagation/depth_64,10000,24109,66440,266,paired,,r9-validate-3-baseline.txt
r9,validate,baseline,3,5,5,BenchmarkNestedIdentityTablePropagation/depth_256,,BenchmarkNestedIdentityTablePropagation/depth_256,2308,106452,268104,1038,paired,,r9-validate-3-baseline.txt
r9,validate,baseline,3,5,5,BenchmarkSchemaLocationHintsRecordDuplicateAttributes/namespaces=1,,BenchmarkSchemaLocationHintsRecordDuplicateAttributes/namespaces=1,904606,270.5,0,0,paired,,r9-validate-3-baseline.txt
r9,validate,baseline,3,5,5,BenchmarkSchemaLocationHintsRecordDuplicateAttributes/namespaces=256,,BenchmarkSchemaLocationHintsRecordDuplicateAttributes/namespaces=256,796888,272.3,0,0,paired,,r9-validate-3-baseline.txt
r9,validate,baseline,3,5,5,BenchmarkIdentityDirectFieldPath/compiled_match,,BenchmarkIdentityDirectFieldPath/direct_match,100000000,2.344,0,0,paired,,r9-validate-3-baseline.txt
r9,validate,baseline,3,5,5,BenchmarkIdentityDirectFieldPath/compiled_miss,,BenchmarkIdentityDirectFieldPath/direct_miss,100000000,2.23,0,0,paired,,r9-validate-3-baseline.txt
r9,validate,current,3,6,6,BenchmarkRecordIdentityValueIDREFS/refs_1,,BenchmarkRecordIdentityValueIDREFS/refs_1,5037231,48.69,0,0,paired,,r9-validate-3-current.txt
r9,validate,current,3,6,6,BenchmarkRecordIdentityValueIDREFS/refs_10,,BenchmarkRecordIdentityValueIDREFS/refs_10,1420363,167.2,0,0,paired,,r9-validate-3-current.txt
r9,validate,current,3,6,6,BenchmarkRecordIdentityValueIDREFS/refs_100,,BenchmarkRecordIdentityValueIDREFS/refs_100,192824,1286,0,0,paired,,r9-validate-3-current.txt
r9,validate,current,3,6,6,BenchmarkRecordIdentityValueIDREFS/refs_1000,,BenchmarkRecordIdentityValueIDREFS/refs_1000,17932,13368,8,0,paired,,r9-validate-3-current.txt
r9,validate,current,3,6,6,BenchmarkCheckXMLWellFormedNested/depth_10,,BenchmarkCheckXMLWellFormedNested/depth_10,32752,7378,79056,17,paired,,r9-validate-3-current.txt
r9,validate,current,3,6,6,BenchmarkCheckXMLWellFormedNested/depth_100,,BenchmarkCheckXMLWellFormedNested/depth_100,8395,27868,117456,23,paired,,r9-validate-3-current.txt
r9,validate,current,3,6,6,BenchmarkCheckXMLWellFormedNested/depth_1000,,BenchmarkCheckXMLWellFormedNested/depth_1000,1066,221885,400081,29,paired,,r9-validate-3-current.txt
r9,validate,current,3,6,6,BenchmarkNestedIdentityTablePropagation/depth_16,,BenchmarkNestedIdentityTablePropagation/depth_16,40068,6061,15944,70,paired,,r9-validate-3-current.txt
r9,validate,current,3,6,6,BenchmarkNestedIdentityTablePropagation/depth_64,,BenchmarkNestedIdentityTablePropagation/depth_64,9709,25722,66440,266,paired,,r9-validate-3-current.txt
r9,validate,current,3,6,6,BenchmarkNestedIdentityTablePropagation/depth_256,,BenchmarkNestedIdentityTablePropagation/depth_256,1900,107961,268104,1038,paired,,r9-validate-3-current.txt
r9,validate,current,3,6,6,BenchmarkSchemaLocationHintsRecordDuplicateAttributes/namespaces=1,,BenchmarkSchemaLocationHintsRecordDuplicateAttributes/namespaces=1,885580,280.1,0,0,paired,,r9-validate-3-current.txt
r9,validate,current,3,6,6,BenchmarkSchemaLocationHintsRecordDuplicateAttributes/namespaces=256,,BenchmarkSchemaLocationHintsRecordDuplicateAttributes/namespaces=256,847768,282.2,0,0,paired,,r9-validate-3-current.txt
r9,validate,current,3,6,6,BenchmarkIdentityDirectFieldPath/compiled_match,,BenchmarkIdentityDirectFieldPath/compiled_match,100000000,2.218,0,0,paired,,r9-validate-3-current.txt
r9,validate,current,3,6,6,BenchmarkIdentityDirectFieldPath/compiled_miss,,BenchmarkIdentityDirectFieldPath/compiled_miss,100000000,2.18,0,0,paired,,r9-validate-3-current.txt
r9,validate,baseline,4,7,8,BenchmarkRecordIdentityValueIDREFS/refs_1,,BenchmarkRecordIdentityValueIDREFS/refs_1,4744212,50.56,0,0,paired,,r9-validate-4-baseline.txt
r9,validate,baseline,4,7,8,BenchmarkRecordIdentityValueIDREFS/refs_10,,BenchmarkRecordIdentityValueIDREFS/refs_10,1490223,164.1,0,0,paired,,r9-validate-4-baseline.txt
r9,validate,baseline,4,7,8,BenchmarkRecordIdentityValueIDREFS/refs_100,,BenchmarkRecordIdentityValueIDREFS/refs_100,173106,1500,0,0,paired,,r9-validate-4-baseline.txt
r9,validate,baseline,4,7,8,BenchmarkRecordIdentityValueIDREFS/refs_1000,,BenchmarkRecordIdentityValueIDREFS/refs_1000,18574,13107,8,0,paired,,r9-validate-4-baseline.txt
r9,validate,baseline,4,7,8,BenchmarkCheckXMLWellFormedNested/depth_10,,BenchmarkCheckXMLWellFormedNested/depth_10,30372,7801,82248,24,paired,,r9-validate-4-baseline.txt
r9,validate,baseline,4,7,8,BenchmarkCheckXMLWellFormedNested/depth_100,,BenchmarkCheckXMLWellFormedNested/depth_100,7743,32976,139592,30,paired,,r9-validate-4-baseline.txt
r9,validate,baseline,4,7,8,BenchmarkCheckXMLWellFormedNested/depth_1000,,BenchmarkCheckXMLWellFormedNested/depth_1000,950,248136,549192,36,paired,,r9-validate-4-baseline.txt
r9,validate,baseline,4,7,8,BenchmarkNestedIdentityTablePropagation/depth_16,,BenchmarkNestedIdentityTablePropagation/depth_16,38502,6210,15944,70,paired,,r9-validate-4-baseline.txt
r9,validate,baseline,4,7,8,BenchmarkNestedIdentityTablePropagation/depth_64,,BenchmarkNestedIdentityTablePropagation/depth_64,9207,24537,66440,266,paired,,r9-validate-4-baseline.txt
r9,validate,baseline,4,7,8,BenchmarkNestedIdentityTablePropagation/depth_256,,BenchmarkNestedIdentityTablePropagation/depth_256,2238,109683,268104,1038,paired,,r9-validate-4-baseline.txt
r9,validate,baseline,4,7,8,BenchmarkSchemaLocationHintsRecordDuplicateAttributes/namespaces=1,,BenchmarkSchemaLocationHintsRecordDuplicateAttributes/namespaces=1,925747,268.1,0,0,paired,,r9-validate-4-baseline.txt
r9,validate,baseline,4,7,8,BenchmarkSchemaLocationHintsRecordDuplicateAttributes/namespaces=256,,BenchmarkSchemaLocationHintsRecordDuplicateAttributes/namespaces=256,902467,269,0,0,paired,,r9-validate-4-baseline.txt
r9,validate,baseline,4,7,8,BenchmarkIdentityDirectFieldPath/compiled_match,,BenchmarkIdentityDirectFieldPath/direct_match,100000000,2.352,0,0,paired,,r9-validate-4-baseline.txt
r9,validate,baseline,4,7,8,BenchmarkIdentityDirectFieldPath/compiled_miss,,BenchmarkIdentityDirectFieldPath/direct_miss,100000000,2.227,0,0,paired,,r9-validate-4-baseline.txt
r9,validate,current,4,8,7,BenchmarkRecordIdentityValueIDREFS/refs_1,,BenchmarkRecordIdentityValueIDREFS/refs_1,5063570,47.42,0,0,paired,,r9-validate-4-current.txt
r9,validate,current,4,8,7,BenchmarkRecordIdentityValueIDREFS/refs_10,,BenchmarkRecordIdentityValueIDREFS/refs_10,1451847,165.9,0,0,paired,,r9-validate-4-current.txt
r9,validate,current,4,8,7,BenchmarkRecordIdentityValueIDREFS/refs_100,,BenchmarkRecordIdentityValueIDREFS/refs_100,180684,1308,0,0,paired,,r9-validate-4-current.txt
r9,validate,current,4,8,7,BenchmarkRecordIdentityValueIDREFS/refs_1000,,BenchmarkRecordIdentityValueIDREFS/refs_1000,18068,13373,8,0,paired,,r9-validate-4-current.txt
r9,validate,current,4,8,7,BenchmarkCheckXMLWellFormedNested/depth_10,,BenchmarkCheckXMLWellFormedNested/depth_10,32746,7309,79056,17,paired,,r9-validate-4-current.txt
r9,validate,current,4,8,7,BenchmarkCheckXMLWellFormedNested/depth_100,,BenchmarkCheckXMLWellFormedNested/depth_100,8373,28672,117456,23,paired,,r9-validate-4-current.txt
r9,validate,current,4,8,7,BenchmarkCheckXMLWellFormedNested/depth_1000,,BenchmarkCheckXMLWellFormedNested/depth_1000,1082,221396,400081,29,paired,,r9-validate-4-current.txt
r9,validate,current,4,8,7,BenchmarkNestedIdentityTablePropagation/depth_16,,BenchmarkNestedIdentityTablePropagation/depth_16,40069,6107,15944,70,paired,,r9-validate-4-current.txt
r9,validate,current,4,8,7,BenchmarkNestedIdentityTablePropagation/depth_64,,BenchmarkNestedIdentityTablePropagation/depth_64,10000,26128,66440,266,paired,,r9-validate-4-current.txt
r9,validate,current,4,8,7,BenchmarkNestedIdentityTablePropagation/depth_256,,BenchmarkNestedIdentityTablePropagation/depth_256,2161,112136,268104,1038,paired,,r9-validate-4-current.txt
r9,validate,current,4,8,7,BenchmarkSchemaLocationHintsRecordDuplicateAttributes/namespaces=1,,BenchmarkSchemaLocationHintsRecordDuplicateAttributes/namespaces=1,905588,284.7,0,0,paired,,r9-validate-4-current.txt
r9,validate,current,4,8,7,BenchmarkSchemaLocationHintsRecordDuplicateAttributes/namespaces=256,,BenchmarkSchemaLocationHintsRecordDuplicateAttributes/namespaces=256,871551,279.5,0,0,paired,,r9-validate-4-current.txt
r9,validate,current,4,8,7,BenchmarkIdentityDirectFieldPath/compiled_match,,BenchmarkIdentityDirectFieldPath/compiled_match,100000000,2.27,0,0,paired,,r9-validate-4-current.txt
r9,validate,current,4,8,7,BenchmarkIdentityDirectFieldPath/compiled_miss,,BenchmarkIdentityDirectFieldPath/compiled_miss,100000000,2.183,0,0,paired,,r9-validate-4-current.txt
r9,validate,baseline,5,9,9,BenchmarkRecordIdentityValueIDREFS/refs_1,,BenchmarkRecordIdentityValueIDREFS/refs_1,4751832,52.03,0,0,paired,,r9-validate-5-baseline.txt
r9,validate,baseline,5,9,9,BenchmarkRecordIdentityValueIDREFS/refs_10,,BenchmarkRecordIdentityValueIDREFS/refs_10,1445839,164.5,0,0,paired,,r9-validate-5-baseline.txt
r9,validate,baseline,5,9,9,BenchmarkRecordIdentityValueIDREFS/refs_100,,BenchmarkRecordIdentityValueIDREFS/refs_100,189127,1289,0,0,paired,,r9-validate-5-baseline.txt
r9,validate,baseline,5,9,9,BenchmarkRecordIdentityValueIDREFS/refs_1000,,BenchmarkRecordIdentityValueIDREFS/refs_1000,18564,12984,8,0,paired,,r9-validate-5-baseline.txt
r9,validate,baseline,5,9,9,BenchmarkCheckXMLWellFormedNested/depth_10,,BenchmarkCheckXMLWellFormedNested/depth_10,30098,8008,82248,24,paired,,r9-validate-5-baseline.txt
r9,validate,baseline,5,9,9,BenchmarkCheckXMLWellFormedNested/depth_100,,BenchmarkCheckXMLWellFormedNested/depth_100,6004,35527,139592,30,paired,,r9-validate-5-baseline.txt
r9,validate,baseline,5,9,9,BenchmarkCheckXMLWellFormedNested/depth_1000,,BenchmarkCheckXMLWellFormedNested/depth_1000,968,243582,549192,36,paired,,r9-validate-5-baseline.txt
r9,validate,baseline,5,9,9,BenchmarkNestedIdentityTablePropagation/depth_16,,BenchmarkNestedIdentityTablePropagation/depth_16,39703,6288,15944,70,paired,,r9-validate-5-baseline.txt
r9,validate,baseline,5,9,9,BenchmarkNestedIdentityTablePropagation/depth_64,,BenchmarkNestedIdentityTablePropagation/depth_64,9232,26497,66440,266,paired,,r9-validate-5-baseline.txt
r9,validate,baseline,5,9,9,BenchmarkNestedIdentityTablePropagation/depth_256,,BenchmarkNestedIdentityTablePropagation/depth_256,2151,111562,268104,1038,paired,,r9-validate-5-baseline.txt
r9,validate,baseline,5,9,9,BenchmarkSchemaLocationHintsRecordDuplicateAttributes/namespaces=1,,BenchmarkSchemaLocationHintsRecordDuplicateAttributes/namespaces=1,898413,261.5,0,0,paired,,r9-validate-5-baseline.txt
r9,validate,baseline,5,9,9,BenchmarkSchemaLocationHintsRecordDuplicateAttributes/namespaces=256,,BenchmarkSchemaLocationHintsRecordDuplicateAttributes/namespaces=256,925582,269.4,0,0,paired,,r9-validate-5-baseline.txt
r9,validate,baseline,5,9,9,BenchmarkIdentityDirectFieldPath/compiled_match,,BenchmarkIdentityDirectFieldPath/direct_match,100000000,2.635,0,0,paired,,r9-validate-5-baseline.txt
r9,validate,baseline,5,9,9,BenchmarkIdentityDirectFieldPath/compiled_miss,,BenchmarkIdentityDirectFieldPath/direct_miss,100000000,2.283,0,0,paired,,r9-validate-5-baseline.txt
r9,validate,current,5,10,10,BenchmarkRecordIdentityValueIDREFS/refs_1,,BenchmarkRecordIdentityValueIDREFS/refs_1,4839978,51.3,0,0,paired,,r9-validate-5-current.txt
r9,validate,current,5,10,10,BenchmarkRecordIdentityValueIDREFS/refs_10,,BenchmarkRecordIdentityValueIDREFS/refs_10,1446015,167.3,0,0,paired,,r9-validate-5-current.txt
r9,validate,current,5,10,10,BenchmarkRecordIdentityValueIDREFS/refs_100,,BenchmarkRecordIdentityValueIDREFS/refs_100,176180,1303,0,0,paired,,r9-validate-5-current.txt
r9,validate,current,5,10,10,BenchmarkRecordIdentityValueIDREFS/refs_1000,,BenchmarkRecordIdentityValueIDREFS/refs_1000,18428,13269,8,0,paired,,r9-validate-5-current.txt
r9,validate,current,5,10,10,BenchmarkCheckXMLWellFormedNested/depth_10,,BenchmarkCheckXMLWellFormedNested/depth_10,28016,8508,79056,17,paired,,r9-validate-5-current.txt
r9,validate,current,5,10,10,BenchmarkCheckXMLWellFormedNested/depth_100,,BenchmarkCheckXMLWellFormedNested/depth_100,8065,29449,117456,23,paired,,r9-validate-5-current.txt
r9,validate,current,5,10,10,BenchmarkCheckXMLWellFormedNested/depth_1000,,BenchmarkCheckXMLWellFormedNested/depth_1000,1048,231293,400081,29,paired,,r9-validate-5-current.txt
r9,validate,current,5,10,10,BenchmarkNestedIdentityTablePropagation/depth_16,,BenchmarkNestedIdentityTablePropagation/depth_16,36262,6866,15944,70,paired,,r9-validate-5-current.txt
r9,validate,current,5,10,10,BenchmarkNestedIdentityTablePropagation/depth_64,,BenchmarkNestedIdentityTablePropagation/depth_64,8373,28763,66440,266,paired,,r9-validate-5-current.txt
r9,validate,current,5,10,10,BenchmarkNestedIdentityTablePropagation/depth_256,,BenchmarkNestedIdentityTablePropagation/depth_256,2362,118524,268104,1038,paired,,r9-validate-5-current.txt
r9,validate,current,5,10,10,BenchmarkSchemaLocationHintsRecordDuplicateAttributes/namespaces=1,,BenchmarkSchemaLocationHintsRecordDuplicateAttributes/namespaces=1,828133,281.9,0,0,paired,,r9-validate-5-current.txt
r9,validate,current,5,10,10,BenchmarkSchemaLocationHintsRecordDuplicateAttributes/namespaces=256,,BenchmarkSchemaLocationHintsRecordDuplicateAttributes/namespaces=256,816256,286.5,0,0,paired,,r9-validate-5-current.txt
r9,validate,current,5,10,10,BenchmarkIdentityDirectFieldPath/compiled_match,,BenchmarkIdentityDirectFieldPath/compiled_match,100000000,2.16,0,0,paired,,r9-validate-5-current.txt
r9,validate,current,5,10,10,BenchmarkIdentityDirectFieldPath/compiled_miss,,BenchmarkIdentityDirectFieldPath/compiled_miss,100000000,2.166,0,0,paired,,r9-validate-5-current.txt
r9,validate,baseline,6,11,12,BenchmarkRecordIdentityValueIDREFS/refs_1,,BenchmarkRecordIdentityValueIDREFS/refs_1,4751737,50.87,0,0,paired,,r9-validate-6-baseline.txt
r9,validate,baseline,6,11,12,BenchmarkRecordIdentityValueIDREFS/refs_10,,BenchmarkRecordIdentityValueIDREFS/refs_10,1453382,165.2,0,0,paired,,r9-validate-6-baseline.txt
r9,validate,baseline,6,11,12,BenchmarkRecordIdentityValueIDREFS/refs_100,,BenchmarkRecordIdentityValueIDREFS/refs_100,187203,1302,0,0,paired,,r9-validate-6-baseline.txt
r9,validate,baseline,6,11,12,BenchmarkRecordIdentityValueIDREFS/refs_1000,,BenchmarkRecordIdentityValueIDREFS/refs_1000,18338,13174,8,0,paired,,r9-validate-6-baseline.txt
r9,validate,baseline,6,11,12,BenchmarkCheckXMLWellFormedNested/depth_10,,BenchmarkCheckXMLWellFormedNested/depth_10,30834,7778,82248,24,paired,,r9-validate-6-baseline.txt
r9,validate,baseline,6,11,12,BenchmarkCheckXMLWellFormedNested/depth_100,,BenchmarkCheckXMLWellFormedNested/depth_100,7072,38771,139592,30,paired,,r9-validate-6-baseline.txt
r9,validate,baseline,6,11,12,BenchmarkCheckXMLWellFormedNested/depth_1000,,BenchmarkCheckXMLWellFormedNested/depth_1000,898,249902,549192,36,paired,,r9-validate-6-baseline.txt
r9,validate,baseline,6,11,12,BenchmarkNestedIdentityTablePropagation/depth_16,,BenchmarkNestedIdentityTablePropagation/depth_16,38120,6122,15944,70,paired,,r9-validate-6-baseline.txt
r9,validate,baseline,6,11,12,BenchmarkNestedIdentityTablePropagation/depth_64,,BenchmarkNestedIdentityTablePropagation/depth_64,9884,24530,66440,266,paired,,r9-validate-6-baseline.txt
r9,validate,baseline,6,11,12,BenchmarkNestedIdentityTablePropagation/depth_256,,BenchmarkNestedIdentityTablePropagation/depth_256,2385,106463,268104,1038,paired,,r9-validate-6-baseline.txt
r9,validate,baseline,6,11,12,BenchmarkSchemaLocationHintsRecordDuplicateAttributes/namespaces=1,,BenchmarkSchemaLocationHintsRecordDuplicateAttributes/namespaces=1,931089,271.3,0,0,paired,,r9-validate-6-baseline.txt
r9,validate,baseline,6,11,12,BenchmarkSchemaLocationHintsRecordDuplicateAttributes/namespaces=256,,BenchmarkSchemaLocationHintsRecordDuplicateAttributes/namespaces=256,893784,275.8,0,0,paired,,r9-validate-6-baseline.txt
r9,validate,baseline,6,11,12,BenchmarkIdentityDirectFieldPath/compiled_match,,BenchmarkIdentityDirectFieldPath/direct_match,96422678,2.722,0,0,paired,,r9-validate-6-baseline.txt
r9,validate,baseline,6,11,12,BenchmarkIdentityDirectFieldPath/compiled_miss,,BenchmarkIdentityDirectFieldPath/direct_miss,100000000,2.235,0,0,paired,,r9-validate-6-baseline.txt
r9,validate,current,6,12,11,BenchmarkRecordIdentityValueIDREFS/refs_1,,BenchmarkRecordIdentityValueIDREFS/refs_1,5045797,48.85,0,0,paired,,r9-validate-6-current.txt
r9,validate,current,6,12,11,BenchmarkRecordIdentityValueIDREFS/refs_10,,BenchmarkRecordIdentityValueIDREFS/refs_10,1439040,168.4,0,0,paired,,r9-validate-6-current.txt
r9,validate,current,6,12,11,BenchmarkRecordIdentityValueIDREFS/refs_100,,BenchmarkRecordIdentityValueIDREFS/refs_100,171135,1295,0,0,paired,,r9-validate-6-current.txt
r9,validate,current,6,12,11,BenchmarkRecordIdentityValueIDREFS/refs_1000,,BenchmarkRecordIdentityValueIDREFS/refs_1000,18151,13364,8,0,paired,,r9-validate-6-current.txt
r9,validate,current,6,12,11,BenchmarkCheckXMLWellFormedNested/depth_10,,BenchmarkCheckXMLWellFormedNested/depth_10,32361,7340,79056,17,paired,,r9-validate-6-current.txt
r9,validate,current,6,12,11,BenchmarkCheckXMLWellFormedNested/depth_100,,BenchmarkCheckXMLWellFormedNested/depth_100,8095,29086,117456,23,paired,,r9-validate-6-current.txt
r9,validate,current,6,12,11,BenchmarkCheckXMLWellFormedNested/depth_1000,,BenchmarkCheckXMLWellFormedNested/depth_1000,1070,221801,400081,29,paired,,r9-validate-6-current.txt
r9,validate,current,6,12,11,BenchmarkNestedIdentityTablePropagation/depth_16,,BenchmarkNestedIdentityTablePropagation/depth_16,39771,6075,15944,70,paired,,r9-validate-6-current.txt
r9,validate,current,6,12,11,BenchmarkNestedIdentityTablePropagation/depth_64,,BenchmarkNestedIdentityTablePropagation/depth_64,10000,26194,66440,266,paired,,r9-validate-6-current.txt
r9,validate,current,6,12,11,BenchmarkNestedIdentityTablePropagation/depth_256,,BenchmarkNestedIdentityTablePropagation/depth_256,2492,105160,268104,1038,paired,,r9-validate-6-current.txt
r9,validate,current,6,12,11,BenchmarkSchemaLocationHintsRecordDuplicateAttributes/namespaces=1,,BenchmarkSchemaLocationHintsRecordDuplicateAttributes/namespaces=1,888189,283,0,0,paired,,r9-validate-6-current.txt
r9,validate,current,6,12,11,BenchmarkSchemaLocationHintsRecordDuplicateAttributes/namespaces=256,,BenchmarkSchemaLocationHintsRecordDuplicateAttributes/namespaces=256,886344,281.1,0,0,paired,,r9-validate-6-current.txt
r9,validate,current,6,12,11,BenchmarkIdentityDirectFieldPath/compiled_match,,BenchmarkIdentityDirectFieldPath/compiled_match,100000000,2.271,0,0,paired,,r9-validate-6-current.txt
r9,validate,current,6,12,11,BenchmarkIdentityDirectFieldPath/compiled_miss,,BenchmarkIdentityDirectFieldPath/compiled_miss,100000000,2.16,0,0,paired,,r9-validate-6-current.txt
r9,concurrent,baseline,1,1,121,BenchmarkValidateConcurrent,,BenchmarkValidateConcurrent,896,282733,76377,37,paired,,r9-concurrent-1-baseline.txt
r9,concurrent,baseline,1,1,121,BenchmarkValidateConcurrent,8,BenchmarkValidateConcurrent-8,3922,63930,76820,38,paired,,r9-concurrent-1-baseline.txt
r9,concurrent,current,1,2,122,BenchmarkValidateConcurrent,,BenchmarkValidateConcurrent,931,279369,75427,27,paired,,r9-concurrent-1-current.txt
r9,concurrent,current,1,2,122,BenchmarkValidateConcurrent,8,BenchmarkValidateConcurrent-8,3520,69520,76093,28,paired,,r9-concurrent-1-current.txt
r9,concurrent,baseline,2,3,124,BenchmarkValidateConcurrent,,BenchmarkValidateConcurrent,892,291644,76206,37,paired,,r9-concurrent-2-baseline.txt
r9,concurrent,baseline,2,3,124,BenchmarkValidateConcurrent,8,BenchmarkValidateConcurrent-8,3639,69587,76820,38,paired,,r9-concurrent-2-baseline.txt
r9,concurrent,current,2,4,123,BenchmarkValidateConcurrent,,BenchmarkValidateConcurrent,919,284523,75501,27,paired,,r9-concurrent-2-current.txt
r9,concurrent,current,2,4,123,BenchmarkValidateConcurrent,8,BenchmarkValidateConcurrent-8,3915,67983,76092,28,paired,,r9-concurrent-2-current.txt
r9,concurrent,baseline,3,5,125,BenchmarkValidateConcurrent,,BenchmarkValidateConcurrent,925,279436,76227,37,paired,,r9-concurrent-3-baseline.txt
r9,concurrent,baseline,3,5,125,BenchmarkValidateConcurrent,8,BenchmarkValidateConcurrent-8,4044,61987,76818,38,paired,,r9-concurrent-3-baseline.txt
r9,concurrent,current,3,6,126,BenchmarkValidateConcurrent,,BenchmarkValidateConcurrent,900,288384,75489,27,paired,,r9-concurrent-3-current.txt
r9,concurrent,current,3,6,126,BenchmarkValidateConcurrent,8,BenchmarkValidateConcurrent-8,3435,91492,76092,28,paired,,r9-concurrent-3-current.txt
r9,concurrent,baseline,4,7,128,BenchmarkValidateConcurrent,,BenchmarkValidateConcurrent,834,295465,76164,37,paired,,r9-concurrent-4-baseline.txt
r9,concurrent,baseline,4,7,128,BenchmarkValidateConcurrent,8,BenchmarkValidateConcurrent-8,3519,73187,76820,38,paired,,r9-concurrent-4-baseline.txt
r9,concurrent,current,4,8,127,BenchmarkValidateConcurrent,,BenchmarkValidateConcurrent,750,357781,75675,27,paired,,r9-concurrent-4-current.txt
r9,concurrent,current,4,8,127,BenchmarkValidateConcurrent,8,BenchmarkValidateConcurrent-8,3848,69521,76093,28,paired,,r9-concurrent-4-current.txt
r9,concurrent,baseline,5,9,129,BenchmarkValidateConcurrent,,BenchmarkValidateConcurrent,866,292394,76188,37,paired,,r9-concurrent-5-baseline.txt
r9,concurrent,baseline,5,9,129,BenchmarkValidateConcurrent,8,BenchmarkValidateConcurrent-8,3475,76619,76820,38,paired,,r9-concurrent-5-baseline.txt
r9,concurrent,current,5,10,130,BenchmarkValidateConcurrent,,BenchmarkValidateConcurrent,926,279804,75588,27,paired,,r9-concurrent-5-current.txt
r9,concurrent,current,5,10,130,BenchmarkValidateConcurrent,8,BenchmarkValidateConcurrent-8,3870,70789,76074,28,paired,,r9-concurrent-5-current.txt
r9,concurrent,baseline,6,11,132,BenchmarkValidateConcurrent,,BenchmarkValidateConcurrent,895,290984,76122,37,paired,,r9-concurrent-6-baseline.txt
r9,concurrent,baseline,6,11,132,BenchmarkValidateConcurrent,8,BenchmarkValidateConcurrent-8,3504,72229,76820,38,paired,,r9-concurrent-6-baseline.txt
r9,concurrent,current,6,12,131,BenchmarkValidateConcurrent,,BenchmarkValidateConcurrent,861,287251,75462,27,paired,,r9-concurrent-6-current.txt
r9,concurrent,current,6,12,131,BenchmarkValidateConcurrent,8,BenchmarkValidateConcurrent-8,3927,74830,76092,28,paired,,r9-concurrent-6-current.txt
r9,namespace,baseline,1,1,73,BenchmarkNamespaceAdmissionChurn/depth_16/churn_false/persistent_false,,BenchmarkNamespaceAdmissionChurn/depth_16/churn_false/persistent_false,315993,783.1,0,0,paired,,r9-namespace-1-baseline.txt
r9,namespace,baseline,1,1,73,BenchmarkNamespaceAdmissionChurn/depth_16/churn_false/persistent_true,,BenchmarkNamespaceAdmissionChurn/depth_16/churn_false/persistent_true,267097,815,24,1,paired,,r9-namespace-1-baseline.txt
r9,namespace,baseline,1,1,73,BenchmarkNamespaceAdmissionChurn/depth_16/churn_true/persistent_false,,BenchmarkNamespaceAdmissionChurn/depth_16/churn_true/persistent_false,117045,2109,0,0,paired,,r9-namespace-1-baseline.txt
r9,namespace,baseline,1,1,73,BenchmarkNamespaceAdmissionChurn/depth_16/churn_true/persistent_true,,BenchmarkNamespaceAdmissionChurn/depth_16/churn_true/persistent_true,93898,3063,1336,6,paired,,r9-namespace-1-baseline.txt
r9,namespace,baseline,1,1,73,BenchmarkNamespaceAdmissionChurn/depth_64/churn_false/persistent_false,,BenchmarkNamespaceAdmissionChurn/depth_64/churn_false/persistent_false,78733,3113,0,0,paired,,r9-namespace-1-baseline.txt
r9,namespace,baseline,1,1,73,BenchmarkNamespaceAdmissionChurn/depth_64/churn_false/persistent_true,,BenchmarkNamespaceAdmissionChurn/depth_64/churn_false/persistent_true,73008,3131,24,1,paired,,r9-namespace-1-baseline.txt
r9,namespace,baseline,1,1,73,BenchmarkNamespaceAdmissionChurn/depth_64/churn_true/persistent_false,,BenchmarkNamespaceAdmissionChurn/depth_64/churn_true/persistent_false,30978,7729,0,0,paired,,r9-namespace-1-baseline.txt
r9,namespace,baseline,1,1,73,BenchmarkNamespaceAdmissionChurn/depth_64/churn_true/persistent_true,,BenchmarkNamespaceAdmissionChurn/depth_64/churn_true/persistent_true,20929,11459,5817,8,paired,,r9-namespace-1-baseline.txt
r9,namespace,baseline,1,1,73,BenchmarkNamespaceAdmissionChurn/depth_256/churn_false/persistent_false,,BenchmarkNamespaceAdmissionChurn/depth_256/churn_false/persistent_false,19224,12420,3,0,paired,,r9-namespace-1-baseline.txt
r9,namespace,baseline,1,1,73,BenchmarkNamespaceAdmissionChurn/depth_256/churn_false/persistent_true,,BenchmarkNamespaceAdmissionChurn/depth_256/churn_false/persistent_true,19131,12699,27,1,paired,,r9-namespace-1-baseline.txt
r9,namespace,baseline,1,1,73,BenchmarkNamespaceAdmissionChurn/depth_256/churn_true/persistent_false,,BenchmarkNamespaceAdmissionChurn/depth_256/churn_true/persistent_false,6699,32124,17,0,paired,,r9-namespace-1-baseline.txt
r9,namespace,baseline,1,1,73,BenchmarkNamespaceAdmissionChurn/depth_256/churn_true/persistent_true,,BenchmarkNamespaceAdmissionChurn/depth_256/churn_true/persistent_true,7550,45806,24260,10,paired,,r9-namespace-1-baseline.txt
r9,namespace,current,1,2,74,BenchmarkNamespaceAdmissionChurn/depth_16/churn_false/persistent_false,,BenchmarkNamespaceAdmissionChurn/depth_16/churn_false/persistent_false,407593,604.6,0,0,paired,,r9-namespace-1-current.txt
r9,namespace,current,1,2,74,BenchmarkNamespaceAdmissionChurn/depth_16/churn_false/persistent_true,,BenchmarkNamespaceAdmissionChurn/depth_16/churn_false/persistent_true,392292,643.6,24,1,paired,,r9-namespace-1-current.txt
r9,namespace,current,1,2,74,BenchmarkNamespaceAdmissionChurn/depth_16/churn_true/persistent_false,,BenchmarkNamespaceAdmissionChurn/depth_16/churn_true/persistent_false,142057,1726,0,0,paired,,r9-namespace-1-current.txt
r9,namespace,current,1,2,74,BenchmarkNamespaceAdmissionChurn/depth_16/churn_true/persistent_true,,BenchmarkNamespaceAdmissionChurn/depth_16/churn_true/persistent_true,107196,2769,1336,6,paired,,r9-namespace-1-current.txt
r9,namespace,current,1,2,74,BenchmarkNamespaceAdmissionChurn/depth_64/churn_false/persistent_false,,BenchmarkNamespaceAdmissionChurn/depth_64/churn_false/persistent_false,93512,2860,0,0,paired,,r9-namespace-1-current.txt
r9,namespace,current,1,2,74,BenchmarkNamespaceAdmissionChurn/depth_64/churn_false/persistent_true,,BenchmarkNamespaceAdmissionChurn/depth_64/churn_false/persistent_true,93410,2485,24,1,paired,,r9-namespace-1-current.txt
r9,namespace,current,1,2,74,BenchmarkNamespaceAdmissionChurn/depth_64/churn_true/persistent_false,,BenchmarkNamespaceAdmissionChurn/depth_64/churn_true/persistent_false,35260,6865,0,0,paired,,r9-namespace-1-current.txt
r9,namespace,current,1,2,74,BenchmarkNamespaceAdmissionChurn/depth_64/churn_true/persistent_true,,BenchmarkNamespaceAdmissionChurn/depth_64/churn_true/persistent_true,22102,10492,5816,8,paired,,r9-namespace-1-current.txt
r9,namespace,current,1,2,74,BenchmarkNamespaceAdmissionChurn/depth_256/churn_false/persistent_false,,BenchmarkNamespaceAdmissionChurn/depth_256/churn_false/persistent_false,26247,9168,1,0,paired,,r9-namespace-1-current.txt
r9,namespace,current,1,2,74,BenchmarkNamespaceAdmissionChurn/depth_256/churn_false/persistent_true,,BenchmarkNamespaceAdmissionChurn/depth_256/churn_false/persistent_true,25902,9296,25,1,paired,,r9-namespace-1-current.txt
r9,namespace,current,1,2,74,BenchmarkNamespaceAdmissionChurn/depth_256/churn_true/persistent_false,,BenchmarkNamespaceAdmissionChurn/depth_256/churn_true/persistent_false,8884,27126,10,0,paired,,r9-namespace-1-current.txt
r9,namespace,current,1,2,74,BenchmarkNamespaceAdmissionChurn/depth_256/churn_true/persistent_true,,BenchmarkNamespaceAdmissionChurn/depth_256/churn_true/persistent_true,7912,41603,24256,10,paired,,r9-namespace-1-current.txt
r9,namespace,baseline,2,3,76,BenchmarkNamespaceAdmissionChurn/depth_16/churn_false/persistent_false,,BenchmarkNamespaceAdmissionChurn/depth_16/churn_false/persistent_false,316194,806.5,0,0,paired,,r9-namespace-2-baseline.txt
r9,namespace,baseline,2,3,76,BenchmarkNamespaceAdmissionChurn/depth_16/churn_false/persistent_true,,BenchmarkNamespaceAdmissionChurn/depth_16/churn_false/persistent_true,299908,850.6,24,1,paired,,r9-namespace-2-baseline.txt
r9,namespace,baseline,2,3,76,BenchmarkNamespaceAdmissionChurn/depth_16/churn_true/persistent_false,,BenchmarkNamespaceAdmissionChurn/depth_16/churn_true/persistent_false,113118,2139,0,0,paired,,r9-namespace-2-baseline.txt
r9,namespace,baseline,2,3,76,BenchmarkNamespaceAdmissionChurn/depth_16/churn_true/persistent_true,,BenchmarkNamespaceAdmissionChurn/depth_16/churn_true/persistent_true,96852,3102,1336,6,paired,,r9-namespace-2-baseline.txt
r9,namespace,baseline,2,3,76,BenchmarkNamespaceAdmissionChurn/depth_64/churn_false/persistent_false,,BenchmarkNamespaceAdmissionChurn/depth_64/churn_false/persistent_false,80139,2988,0,0,paired,,r9-namespace-2-baseline.txt
r9,namespace,baseline,2,3,76,BenchmarkNamespaceAdmissionChurn/depth_64/churn_false/persistent_true,,BenchmarkNamespaceAdmissionChurn/depth_64/churn_false/persistent_true,79041,3069,24,1,paired,,r9-namespace-2-baseline.txt
r9,namespace,baseline,2,3,76,BenchmarkNamespaceAdmissionChurn/depth_64/churn_true/persistent_false,,BenchmarkNamespaceAdmissionChurn/depth_64/churn_true/persistent_false,30554,7961,0,0,paired,,r9-namespace-2-baseline.txt
r9,namespace,baseline,2,3,76,BenchmarkNamespaceAdmissionChurn/depth_64/churn_true/persistent_true,,BenchmarkNamespaceAdmissionChurn/depth_64/churn_true/persistent_true,21116,11655,5817,8,paired,,r9-namespace-2-baseline.txt
r9,namespace,baseline,2,3,76,BenchmarkNamespaceAdmissionChurn/depth_256/churn_false/persistent_false,,BenchmarkNamespaceAdmissionChurn/depth_256/churn_false/persistent_false,19106,12587,3,0,paired,,r9-namespace-2-baseline.txt
r9,namespace,baseline,2,3,76,BenchmarkNamespaceAdmissionChurn/depth_256/churn_false/persistent_true,,BenchmarkNamespaceAdmissionChurn/depth_256/churn_false/persistent_true,18945,12743,27,1,paired,,r9-namespace-2-baseline.txt
r9,namespace,baseline,2,3,76,BenchmarkNamespaceAdmissionChurn/depth_256/churn_true/persistent_false,,BenchmarkNamespaceAdmissionChurn/depth_256/churn_true/persistent_false,7158,32186,16,0,paired,,r9-namespace-2-baseline.txt
r9,namespace,baseline,2,3,76,BenchmarkNamespaceAdmissionChurn/depth_256/churn_true/persistent_true,,BenchmarkNamespaceAdmissionChurn/depth_256/churn_true/persistent_true,7742,44712,24259,10,paired,,r9-namespace-2-baseline.txt
r9,namespace,current,2,4,75,BenchmarkNamespaceAdmissionChurn/depth_16/churn_false/persistent_false,,BenchmarkNamespaceAdmissionChurn/depth_16/churn_false/persistent_false,400818,624.7,0,0,paired,,r9-namespace-2-current.txt
r9,namespace,current,2,4,75,BenchmarkNamespaceAdmissionChurn/depth_16/churn_false/persistent_true,,BenchmarkNamespaceAdmissionChurn/depth_16/churn_false/persistent_true,373182,672,24,1,paired,,r9-namespace-2-current.txt
r9,namespace,current,2,4,75,BenchmarkNamespaceAdmissionChurn/depth_16/churn_true/persistent_false,,BenchmarkNamespaceAdmissionChurn/depth_16/churn_true/persistent_false,135278,1754,0,0,paired,,r9-namespace-2-current.txt
r9,namespace,current,2,4,75,BenchmarkNamespaceAdmissionChurn/depth_16/churn_true/persistent_true,,BenchmarkNamespaceAdmissionChurn/depth_16/churn_true/persistent_true,111002,2721,1336,6,paired,,r9-namespace-2-current.txt
r9,namespace,current,2,4,75,BenchmarkNamespaceAdmissionChurn/depth_64/churn_false/persistent_false,,BenchmarkNamespaceAdmissionChurn/depth_64/churn_false/persistent_false,102924,2426,0,0,paired,,r9-namespace-2-current.txt
r9,namespace,current,2,4,75,BenchmarkNamespaceAdmissionChurn/depth_64/churn_false/persistent_true,,BenchmarkNamespaceAdmissionChurn/depth_64/churn_false/persistent_true,99538,2457,24,1,paired,,r9-namespace-2-current.txt
r9,namespace,current,2,4,75,BenchmarkNamespaceAdmissionChurn/depth_64/churn_true/persistent_false,,BenchmarkNamespaceAdmissionChurn/depth_64/churn_true/persistent_false,34192,6961,0,0,paired,,r9-namespace-2-current.txt
r9,namespace,current,2,4,75,BenchmarkNamespaceAdmissionChurn/depth_64/churn_true/persistent_true,,BenchmarkNamespaceAdmissionChurn/depth_64/churn_true/persistent_true,22225,10704,5816,8,paired,,r9-namespace-2-current.txt
r9,namespace,current,2,4,75,BenchmarkNamespaceAdmissionChurn/depth_256/churn_false/persistent_false,,BenchmarkNamespaceAdmissionChurn/depth_256/churn_false/persistent_false,24534,9737,1,0,paired,,r9-namespace-2-current.txt
r9,namespace,current,2,4,75,BenchmarkNamespaceAdmissionChurn/depth_256/churn_false/persistent_true,,BenchmarkNamespaceAdmissionChurn/depth_256/churn_false/persistent_true,25453,9326,25,1,paired,,r9-namespace-2-current.txt
r9,namespace,current,2,4,75,BenchmarkNamespaceAdmissionChurn/depth_256/churn_true/persistent_false,,BenchmarkNamespaceAdmissionChurn/depth_256/churn_true/persistent_false,9220,25459,9,0,paired,,r9-namespace-2-current.txt
r9,namespace,current,2,4,75,BenchmarkNamespaceAdmissionChurn/depth_256/churn_true/persistent_true,,BenchmarkNamespaceAdmissionChurn/depth_256/churn_true/persistent_true,8554,40412,24255,10,paired,,r9-namespace-2-current.txt
r9,namespace,baseline,3,5,77,BenchmarkNamespaceAdmissionChurn/depth_16/churn_false/persistent_false,,BenchmarkNamespaceAdmissionChurn/depth_16/churn_false/persistent_false,306015,773.6,0,0,paired,,r9-namespace-3-baseline.txt
r9,namespace,baseline,3,5,77,BenchmarkNamespaceAdmissionChurn/depth_16/churn_false/persistent_true,,BenchmarkNamespaceAdmissionChurn/depth_16/churn_false/persistent_true,294844,846.2,24,1,paired,,r9-namespace-3-baseline.txt
r9,namespace,baseline,3,5,77,BenchmarkNamespaceAdmissionChurn/depth_16/churn_true/persistent_false,,BenchmarkNamespaceAdmissionChurn/depth_16/churn_true/persistent_false,119122,2079,0,0,paired,,r9-namespace-3-baseline.txt
r9,namespace,baseline,3,5,77,BenchmarkNamespaceAdmissionChurn/depth_16/churn_true/persistent_true,,BenchmarkNamespaceAdmissionChurn/depth_16/churn_true/persistent_true,94813,3112,1336,6,paired,,r9-namespace-3-baseline.txt
r9,namespace,baseline,3,5,77,BenchmarkNamespaceAdmissionChurn/depth_64/churn_false/persistent_false,,BenchmarkNamespaceAdmissionChurn/depth_64/churn_false/persistent_false,75466,3141,0,0,paired,,r9-namespace-3-baseline.txt
r9,namespace,baseline,3,5,77,BenchmarkNamespaceAdmissionChurn/depth_64/churn_false/persistent_true,,BenchmarkNamespaceAdmissionChurn/depth_64/churn_false/persistent_true,76407,3098,24,1,paired,,r9-namespace-3-baseline.txt
r9,namespace,baseline,3,5,77,BenchmarkNamespaceAdmissionChurn/depth_64/churn_true/persistent_false,,BenchmarkNamespaceAdmissionChurn/depth_64/churn_true/persistent_false,31360,7825,0,0,paired,,r9-namespace-3-baseline.txt
r9,namespace,baseline,3,5,77,BenchmarkNamespaceAdmissionChurn/depth_64/churn_true/persistent_true,,BenchmarkNamespaceAdmissionChurn/depth_64/churn_true/persistent_true,21067,11382,5817,8,paired,,r9-namespace-3-baseline.txt
r9,namespace,baseline,3,5,77,BenchmarkNamespaceAdmissionChurn/depth_256/churn_false/persistent_false,,BenchmarkNamespaceAdmissionChurn/depth_256/churn_false/persistent_false,19551,12354,3,0,paired,,r9-namespace-3-baseline.txt
r9,namespace,baseline,3,5,77,BenchmarkNamespaceAdmissionChurn/depth_256/churn_false/persistent_true,,BenchmarkNamespaceAdmissionChurn/depth_256/churn_false/persistent_true,19532,12537,27,1,paired,,r9-namespace-3-baseline.txt
r9,namespace,baseline,3,5,77,BenchmarkNamespaceAdmissionChurn/depth_256/churn_true/persistent_false,,BenchmarkNamespaceAdmissionChurn/depth_256/churn_true/persistent_false,7767,32476,14,0,paired,,r9-namespace-3-baseline.txt
r9,namespace,baseline,3,5,77,BenchmarkNamespaceAdmissionChurn/depth_256/churn_true/persistent_true,,BenchmarkNamespaceAdmissionChurn/depth_256/churn_true/persistent_true,7591,46358,24260,10,paired,,r9-namespace-3-baseline.txt
r9,namespace,current,3,6,78,BenchmarkNamespaceAdmissionChurn/depth_16/churn_false/persistent_false,,BenchmarkNamespaceAdmissionChurn/depth_16/churn_false/persistent_false,376374,608.9,0,0,paired,,r9-namespace-3-current.txt
r9,namespace,current,3,6,78,BenchmarkNamespaceAdmissionChurn/depth_16/churn_false/persistent_true,,BenchmarkNamespaceAdmissionChurn/depth_16/churn_false/persistent_true,392215,649.7,24,1,paired,,r9-namespace-3-current.txt
r9,namespace,current,3,6,78,BenchmarkNamespaceAdmissionChurn/depth_16/churn_true/persistent_false,,BenchmarkNamespaceAdmissionChurn/depth_16/churn_true/persistent_false,140575,1725,0,0,paired,,r9-namespace-3-current.txt
r9,namespace,current,3,6,78,BenchmarkNamespaceAdmissionChurn/depth_16/churn_true/persistent_true,,BenchmarkNamespaceAdmissionChurn/depth_16/churn_true/persistent_true,107299,2839,1336,6,paired,,r9-namespace-3-current.txt
r9,namespace,current,3,6,78,BenchmarkNamespaceAdmissionChurn/depth_64/churn_false/persistent_false,,BenchmarkNamespaceAdmissionChurn/depth_64/churn_false/persistent_false,102438,2455,0,0,paired,,r9-namespace-3-current.txt
r9,namespace,current,3,6,78,BenchmarkNamespaceAdmissionChurn/depth_64/churn_false/persistent_true,,BenchmarkNamespaceAdmissionChurn/depth_64/churn_false/persistent_true,94598,2511,24,1,paired,,r9-namespace-3-current.txt
r9,namespace,current,3,6,78,BenchmarkNamespaceAdmissionChurn/depth_64/churn_true/persistent_false,,BenchmarkNamespaceAdmissionChurn/depth_64/churn_true/persistent_false,33823,6965,0,0,paired,,r9-namespace-3-current.txt
r9,namespace,current,3,6,78,BenchmarkNamespaceAdmissionChurn/depth_64/churn_true/persistent_true,,BenchmarkNamespaceAdmissionChurn/depth_64/churn_true/persistent_true,22911,10428,5816,8,paired,,r9-namespace-3-current.txt
r9,namespace,current,3,6,78,BenchmarkNamespaceAdmissionChurn/depth_256/churn_false/persistent_false,,BenchmarkNamespaceAdmissionChurn/depth_256/churn_false/persistent_false,25467,9346,1,0,paired,,r9-namespace-3-current.txt
r9,namespace,current,3,6,78,BenchmarkNamespaceAdmissionChurn/depth_256/churn_false/persistent_true,,BenchmarkNamespaceAdmissionChurn/depth_256/churn_false/persistent_true,25424,9443,25,1,paired,,r9-namespace-3-current.txt
r9,namespace,current,3,6,78,BenchmarkNamespaceAdmissionChurn/depth_256/churn_true/persistent_false,,BenchmarkNamespaceAdmissionChurn/depth_256/churn_true/persistent_false,9106,27003,9,0,paired,,r9-namespace-3-current.txt
r9,namespace,current,3,6,78,BenchmarkNamespaceAdmissionChurn/depth_256/churn_true/persistent_true,,BenchmarkNamespaceAdmissionChurn/depth_256/churn_true/persistent_true,7930,42257,24256,10,paired,,r9-namespace-3-current.txt
r9,namespace,baseline,4,7,80,BenchmarkNamespaceAdmissionChurn/depth_16/churn_false/persistent_false,,BenchmarkNamespaceAdmissionChurn/depth_16/churn_false/persistent_false,316160,819.4,0,0,paired,,r9-namespace-4-baseline.txt
r9,namespace,baseline,4,7,80,BenchmarkNamespaceAdmissionChurn/depth_16/churn_false/persistent_true,,BenchmarkNamespaceAdmissionChurn/depth_16/churn_false/persistent_true,294810,854.3,24,1,paired,,r9-namespace-4-baseline.txt
r9,namespace,baseline,4,7,80,BenchmarkNamespaceAdmissionChurn/depth_16/churn_true/persistent_false,,BenchmarkNamespaceAdmissionChurn/depth_16/churn_true/persistent_false,120361,2093,0,0,paired,,r9-namespace-4-baseline.txt
r9,namespace,baseline,4,7,80,BenchmarkNamespaceAdmissionChurn/depth_16/churn_true/persistent_true,,BenchmarkNamespaceAdmissionChurn/depth_16/churn_true/persistent_true,88280,3140,1336,6,paired,,r9-namespace-4-baseline.txt
r9,namespace,baseline,4,7,80,BenchmarkNamespaceAdmissionChurn/depth_64/churn_false/persistent_false,,BenchmarkNamespaceAdmissionChurn/depth_64/churn_false/persistent_false,80262,3007,0,0,paired,,r9-namespace-4-baseline.txt
r9,namespace,baseline,4,7,80,BenchmarkNamespaceAdmissionChurn/depth_64/churn_false/persistent_true,,BenchmarkNamespaceAdmissionChurn/depth_64/churn_false/persistent_true,80010,3089,24,1,paired,,r9-namespace-4-baseline.txt
r9,namespace,baseline,4,7,80,BenchmarkNamespaceAdmissionChurn/depth_64/churn_true/persistent_false,,BenchmarkNamespaceAdmissionChurn/depth_64/churn_true/persistent_false,29632,8124,0,0,paired,,r9-namespace-4-baseline.txt
r9,namespace,baseline,4,7,80,BenchmarkNamespaceAdmissionChurn/depth_64/churn_true/persistent_true,,BenchmarkNamespaceAdmissionChurn/depth_64/churn_true/persistent_true,20077,11900,5817,8,paired,,r9-namespace-4-baseline.txt
r9,namespace,baseline,4,7,80,BenchmarkNamespaceAdmissionChurn/depth_256/churn_false/persistent_false,,BenchmarkNamespaceAdmissionChurn/depth_256/churn_false/persistent_false,19302,12486,3,0,paired,,r9-namespace-4-baseline.txt
r9,namespace,baseline,4,7,80,BenchmarkNamespaceAdmissionChurn/depth_256/churn_false/persistent_true,,BenchmarkNamespaceAdmissionChurn/depth_256/churn_false/persistent_true,18848,12654,27,1,paired,,r9-namespace-4-baseline.txt
r9,namespace,baseline,4,7,80,BenchmarkNamespaceAdmissionChurn/depth_256/churn_true/persistent_false,,BenchmarkNamespaceAdmissionChurn/depth_256/churn_true/persistent_false,7640,32108,15,0,paired,,r9-namespace-4-baseline.txt
r9,namespace,baseline,4,7,80,BenchmarkNamespaceAdmissionChurn/depth_256/churn_true/persistent_true,,BenchmarkNamespaceAdmissionChurn/depth_256/churn_true/persistent_true,7934,45452,24259,10,paired,,r9-namespace-4-baseline.txt
r9,namespace,current,4,8,79,BenchmarkNamespaceAdmissionChurn/depth_16/churn_false/persistent_false,,BenchmarkNamespaceAdmissionChurn/depth_16/churn_false/persistent_false,390634,636.9,0,0,paired,,r9-namespace-4-current.txt
r9,namespace,current,4,8,79,BenchmarkNamespaceAdmissionChurn/depth_16/churn_false/persistent_true,,BenchmarkNamespaceAdmissionChurn/depth_16/churn_false/persistent_true,351234,681.5,24,1,paired,,r9-namespace-4-current.txt
r9,namespace,current,4,8,79,BenchmarkNamespaceAdmissionChurn/depth_16/churn_true/persistent_false,,BenchmarkNamespaceAdmissionChurn/depth_16/churn_true/persistent_false,139092,1727,0,0,paired,,r9-namespace-4-current.txt
r9,namespace,current,4,8,79,BenchmarkNamespaceAdmissionChurn/depth_16/churn_true/persistent_true,,BenchmarkNamespaceAdmissionChurn/depth_16/churn_true/persistent_true,104838,2759,1336,6,paired,,r9-namespace-4-current.txt
r9,namespace,current,4,8,79,BenchmarkNamespaceAdmissionChurn/depth_64/churn_false/persistent_false,,BenchmarkNamespaceAdmissionChurn/depth_64/churn_false/persistent_false,102008,2437,0,0,paired,,r9-namespace-4-current.txt
r9,namespace,current,4,8,79,BenchmarkNamespaceAdmissionChurn/depth_64/churn_false/persistent_true,,BenchmarkNamespaceAdmissionChurn/depth_64/churn_false/persistent_true,94012,2470,24,1,paired,,r9-namespace-4-current.txt
r9,namespace,current,4,8,79,BenchmarkNamespaceAdmissionChurn/depth_64/churn_true/persistent_false,,BenchmarkNamespaceAdmissionChurn/depth_64/churn_true/persistent_false,34057,6988,0,0,paired,,r9-namespace-4-current.txt
r9,namespace,current,4,8,79,BenchmarkNamespaceAdmissionChurn/depth_64/churn_true/persistent_true,,BenchmarkNamespaceAdmissionChurn/depth_64/churn_true/persistent_true,22471,10673,5816,8,paired,,r9-namespace-4-current.txt
r9,namespace,current,4,8,79,BenchmarkNamespaceAdmissionChurn/depth_256/churn_false/persistent_false,,BenchmarkNamespaceAdmissionChurn/depth_256/churn_false/persistent_false,24265,9756,1,0,paired,,r9-namespace-4-current.txt
r9,namespace,current,4,8,79,BenchmarkNamespaceAdmissionChurn/depth_256/churn_false/persistent_true,,BenchmarkNamespaceAdmissionChurn/depth_256/churn_false/persistent_true,25516,9431,25,1,paired,,r9-namespace-4-current.txt
r9,namespace,current,4,8,79,BenchmarkNamespaceAdmissionChurn/depth_256/churn_true/persistent_false,,BenchmarkNamespaceAdmissionChurn/depth_256/churn_true/persistent_false,9253,25564,9,0,paired,,r9-namespace-4-current.txt
r9,namespace,current,4,8,79,BenchmarkNamespaceAdmissionChurn/depth_256/churn_true/persistent_true,,BenchmarkNamespaceAdmissionChurn/depth_256/churn_true/persistent_true,8467,41829,24255,10,paired,,r9-namespace-4-current.txt
r9,namespace,baseline,5,9,81,BenchmarkNamespaceAdmissionChurn/depth_16/churn_false/persistent_false,,BenchmarkNamespaceAdmissionChurn/depth_16/churn_false/persistent_false,308740,789.3,0,0,paired,,r9-namespace-5-baseline.txt
r9,namespace,baseline,5,9,81,BenchmarkNamespaceAdmissionChurn/depth_16/churn_false/persistent_true,,BenchmarkNamespaceAdmissionChurn/depth_16/churn_false/persistent_true,290662,873.6,24,1,paired,,r9-namespace-5-baseline.txt
r9,namespace,baseline,5,9,81,BenchmarkNamespaceAdmissionChurn/depth_16/churn_true/persistent_false,,BenchmarkNamespaceAdmissionChurn/depth_16/churn_true/persistent_false,113961,2132,0,0,paired,,r9-namespace-5-baseline.txt
r9,namespace,baseline,5,9,81,BenchmarkNamespaceAdmissionChurn/depth_16/churn_true/persistent_true,,BenchmarkNamespaceAdmissionChurn/depth_16/churn_true/persistent_true,92042,3161,1336,6,paired,,r9-namespace-5-baseline.txt
r9,namespace,baseline,5,9,81,BenchmarkNamespaceAdmissionChurn/depth_64/churn_false/persistent_false,,BenchmarkNamespaceAdmissionChurn/depth_64/churn_false/persistent_false,74576,3155,0,0,paired,,r9-namespace-5-baseline.txt
r9,namespace,baseline,5,9,81,BenchmarkNamespaceAdmissionChurn/depth_64/churn_false/persistent_true,,BenchmarkNamespaceAdmissionChurn/depth_64/churn_false/persistent_true,77169,3100,24,1,paired,,r9-namespace-5-baseline.txt
r9,namespace,baseline,5,9,81,BenchmarkNamespaceAdmissionChurn/depth_64/churn_true/persistent_false,,BenchmarkNamespaceAdmissionChurn/depth_64/churn_true/persistent_false,30718,7818,0,0,paired,,r9-namespace-5-baseline.txt
r9,namespace,baseline,5,9,81,BenchmarkNamespaceAdmissionChurn/depth_64/churn_true/persistent_true,,BenchmarkNamespaceAdmissionChurn/depth_64/churn_true/persistent_true,20798,11508,5817,8,paired,,r9-namespace-5-baseline.txt
r9,namespace,baseline,5,9,81,BenchmarkNamespaceAdmissionChurn/depth_256/churn_false/persistent_false,,BenchmarkNamespaceAdmissionChurn/depth_256/churn_false/persistent_false,19124,12505,3,0,paired,,r9-namespace-5-baseline.txt
r9,namespace,baseline,5,9,81,BenchmarkNamespaceAdmissionChurn/depth_256/churn_false/persistent_true,,BenchmarkNamespaceAdmissionChurn/depth_256/churn_false/persistent_true,18925,14594,27,1,paired,,r9-namespace-5-baseline.txt
r9,namespace,baseline,5,9,81,BenchmarkNamespaceAdmissionChurn/depth_256/churn_true/persistent_false,,BenchmarkNamespaceAdmissionChurn/depth_256/churn_true/persistent_false,7536,32190,15,0,paired,,r9-namespace-5-baseline.txt
r9,namespace,baseline,5,9,81,BenchmarkNamespaceAdmissionChurn/depth_256/churn_true/persistent_true,,BenchmarkNamespaceAdmissionChurn/depth_256/churn_true/persistent_true,6379,48046,24262,10,paired,,r9-namespace-5-baseline.txt
r9,namespace,current,5,10,82,BenchmarkNamespaceAdmissionChurn/depth_16/churn_false/persistent_false,,BenchmarkNamespaceAdmissionChurn/depth_16/churn_false/persistent_false,385167,623.8,0,0,paired,,r9-namespace-5-current.txt
r9,namespace,current,5,10,82,BenchmarkNamespaceAdmissionChurn/depth_16/churn_false/persistent_true,,BenchmarkNamespaceAdmissionChurn/depth_16/churn_false/persistent_true,381866,658.8,24,1,paired,,r9-namespace-5-current.txt
r9,namespace,current,5,10,82,BenchmarkNamespaceAdmissionChurn/depth_16/churn_true/persistent_false,,BenchmarkNamespaceAdmissionChurn/depth_16/churn_true/persistent_false,140239,1743,0,0,paired,,r9-namespace-5-current.txt
r9,namespace,current,5,10,82,BenchmarkNamespaceAdmissionChurn/depth_16/churn_true/persistent_true,,BenchmarkNamespaceAdmissionChurn/depth_16/churn_true/persistent_true,105741,2874,1336,6,paired,,r9-namespace-5-current.txt
r9,namespace,current,5,10,82,BenchmarkNamespaceAdmissionChurn/depth_64/churn_false/persistent_false,,BenchmarkNamespaceAdmissionChurn/depth_64/churn_false/persistent_false,98067,2443,0,0,paired,,r9-namespace-5-current.txt
r9,namespace,current,5,10,82,BenchmarkNamespaceAdmissionChurn/depth_64/churn_false/persistent_true,,BenchmarkNamespaceAdmissionChurn/depth_64/churn_false/persistent_true,97369,2497,24,1,paired,,r9-namespace-5-current.txt
r9,namespace,current,5,10,82,BenchmarkNamespaceAdmissionChurn/depth_64/churn_true/persistent_false,,BenchmarkNamespaceAdmissionChurn/depth_64/churn_true/persistent_false,35296,6928,0,0,paired,,r9-namespace-5-current.txt
r9,namespace,current,5,10,82,BenchmarkNamespaceAdmissionChurn/depth_64/churn_true/persistent_true,,BenchmarkNamespaceAdmissionChurn/depth_64/churn_true/persistent_true,22084,10545,5816,8,paired,,r9-namespace-5-current.txt
r9,namespace,current,5,10,82,BenchmarkNamespaceAdmissionChurn/depth_256/churn_false/persistent_false,,BenchmarkNamespaceAdmissionChurn/depth_256/churn_false/persistent_false,25976,9235,1,0,paired,,r9-namespace-5-current.txt
r9,namespace,current,5,10,82,BenchmarkNamespaceAdmissionChurn/depth_256/churn_false/persistent_true,,BenchmarkNamespaceAdmissionChurn/depth_256/churn_false/persistent_true,25790,9358,25,1,paired,,r9-namespace-5-current.txt
r9,namespace,current,5,10,82,BenchmarkNamespaceAdmissionChurn/depth_256/churn_true/persistent_false,,BenchmarkNamespaceAdmissionChurn/depth_256/churn_true/persistent_false,9394,26816,9,0,paired,,r9-namespace-5-current.txt
r9,namespace,current,5,10,82,BenchmarkNamespaceAdmissionChurn/depth_256/churn_true/persistent_true,,BenchmarkNamespaceAdmissionChurn/depth_256/churn_true/persistent_true,8274,41460,24256,10,paired,,r9-namespace-5-current.txt
r9,namespace,baseline,6,11,84,BenchmarkNamespaceAdmissionChurn/depth_16/churn_false/persistent_false,,BenchmarkNamespaceAdmissionChurn/depth_16/churn_false/persistent_false,320098,806.1,0,0,paired,,r9-namespace-6-baseline.txt
r9,namespace,baseline,6,11,84,BenchmarkNamespaceAdmissionChurn/depth_16/churn_false/persistent_true,,BenchmarkNamespaceAdmissionChurn/depth_16/churn_false/persistent_true,297878,854.6,24,1,paired,,r9-namespace-6-baseline.txt
r9,namespace,baseline,6,11,84,BenchmarkNamespaceAdmissionChurn/depth_16/churn_true/persistent_false,,BenchmarkNamespaceAdmissionChurn/depth_16/churn_true/persistent_false,109603,2098,0,0,paired,,r9-namespace-6-baseline.txt
r9,namespace,baseline,6,11,84,BenchmarkNamespaceAdmissionChurn/depth_16/churn_true/persistent_true,,BenchmarkNamespaceAdmissionChurn/depth_16/churn_true/persistent_true,85885,3664,1336,6,paired,,r9-namespace-6-baseline.txt
r9,namespace,baseline,6,11,84,BenchmarkNamespaceAdmissionChurn/depth_64/churn_false/persistent_false,,BenchmarkNamespaceAdmissionChurn/depth_64/churn_false/persistent_false,72739,3041,0,0,paired,,r9-namespace-6-baseline.txt
r9,namespace,baseline,6,11,84,BenchmarkNamespaceAdmissionChurn/depth_64/churn_false/persistent_true,,BenchmarkNamespaceAdmissionChurn/depth_64/churn_false/persistent_true,79094,3049,24,1,paired,,r9-namespace-6-baseline.txt
r9,namespace,baseline,6,11,84,BenchmarkNamespaceAdmissionChurn/depth_64/churn_true/persistent_false,,BenchmarkNamespaceAdmissionChurn/depth_64/churn_true/persistent_false,30946,7787,0,0,paired,,r9-namespace-6-baseline.txt
r9,namespace,baseline,6,11,84,BenchmarkNamespaceAdmissionChurn/depth_64/churn_true/persistent_true,,BenchmarkNamespaceAdmissionChurn/depth_64/churn_true/persistent_true,20214,11877,5817,8,paired,,r9-namespace-6-baseline.txt
r9,namespace,baseline,6,11,84,BenchmarkNamespaceAdmissionChurn/depth_256/churn_false/persistent_false,,BenchmarkNamespaceAdmissionChurn/depth_256/churn_false/persistent_false,19964,12146,3,0,paired,,r9-namespace-6-baseline.txt
r9,namespace,baseline,6,11,84,BenchmarkNamespaceAdmissionChurn/depth_256/churn_false/persistent_true,,BenchmarkNamespaceAdmissionChurn/depth_256/churn_false/persistent_true,18976,12666,27,1,paired,,r9-namespace-6-baseline.txt
r9,namespace,baseline,6,11,84,BenchmarkNamespaceAdmissionChurn/depth_256/churn_true/persistent_false,,BenchmarkNamespaceAdmissionChurn/depth_256/churn_true/persistent_false,7706,32391,15,0,paired,,r9-namespace-6-baseline.txt
r9,namespace,baseline,6,11,84,BenchmarkNamespaceAdmissionChurn/depth_256/churn_true/persistent_true,,BenchmarkNamespaceAdmissionChurn/depth_256/churn_true/persistent_true,7231,45671,24260,10,paired,,r9-namespace-6-baseline.txt
r9,namespace,current,6,12,83,BenchmarkNamespaceAdmissionChurn/depth_16/churn_false/persistent_false,,BenchmarkNamespaceAdmissionChurn/depth_16/churn_false/persistent_false,389186,628.4,0,0,paired,,r9-namespace-6-current.txt
r9,namespace,current,6,12,83,BenchmarkNamespaceAdmissionChurn/depth_16/churn_false/persistent_true,,BenchmarkNamespaceAdmissionChurn/depth_16/churn_false/persistent_true,362302,658.4,24,1,paired,,r9-namespace-6-current.txt
r9,namespace,current,6,12,83,BenchmarkNamespaceAdmissionChurn/depth_16/churn_true/persistent_false,,BenchmarkNamespaceAdmissionChurn/depth_16/churn_true/persistent_false,128692,1766,0,0,paired,,r9-namespace-6-current.txt
r9,namespace,current,6,12,83,BenchmarkNamespaceAdmissionChurn/depth_16/churn_true/persistent_true,,BenchmarkNamespaceAdmissionChurn/depth_16/churn_true/persistent_true,108016,2759,1336,6,paired,,r9-namespace-6-current.txt
r9,namespace,current,6,12,83,BenchmarkNamespaceAdmissionChurn/depth_64/churn_false/persistent_false,,BenchmarkNamespaceAdmissionChurn/depth_64/churn_false/persistent_false,100359,2390,0,0,paired,,r9-namespace-6-current.txt
r9,namespace,current,6,12,83,BenchmarkNamespaceAdmissionChurn/depth_64/churn_false/persistent_true,,BenchmarkNamespaceAdmissionChurn/depth_64/churn_false/persistent_true,91816,2514,24,1,paired,,r9-namespace-6-current.txt
r9,namespace,current,6,12,83,BenchmarkNamespaceAdmissionChurn/depth_64/churn_true/persistent_false,,BenchmarkNamespaceAdmissionChurn/depth_64/churn_true/persistent_false,34364,6816,0,0,paired,,r9-namespace-6-current.txt
r9,namespace,current,6,12,83,BenchmarkNamespaceAdmissionChurn/depth_64/churn_true/persistent_true,,BenchmarkNamespaceAdmissionChurn/depth_64/churn_true/persistent_true,22142,10696,5816,8,paired,,r9-namespace-6-current.txt
r9,namespace,current,6,12,83,BenchmarkNamespaceAdmissionChurn/depth_256/churn_false/persistent_false,,BenchmarkNamespaceAdmissionChurn/depth_256/churn_false/persistent_false,24790,9712,1,0,paired,,r9-namespace-6-current.txt
r9,namespace,current,6,12,83,BenchmarkNamespaceAdmissionChurn/depth_256/churn_false/persistent_true,,BenchmarkNamespaceAdmissionChurn/depth_256/churn_false/persistent_true,24662,9583,25,1,paired,,r9-namespace-6-current.txt
r9,namespace,current,6,12,83,BenchmarkNamespaceAdmissionChurn/depth_256/churn_true/persistent_false,,BenchmarkNamespaceAdmissionChurn/depth_256/churn_true/persistent_false,9235,25505,9,0,paired,,r9-namespace-6-current.txt
r9,namespace,current,6,12,83,BenchmarkNamespaceAdmissionChurn/depth_256/churn_true/persistent_true,,BenchmarkNamespaceAdmissionChurn/depth_256/churn_true/persistent_true,8160,40486,24256,10,paired,,r9-namespace-6-current.txt
r9,lex,baseline,1,1,97,BenchmarkXMLWhitespaceNormalizeReplaceASCII,,BenchmarkXMLWhitespaceNormalizeReplaceASCII,2514673,96.78,48,1,paired,,r9-lex-1-baseline.txt
r9,lex,baseline,1,1,97,BenchmarkXMLWhitespaceNormalizeCollapseASCII,,BenchmarkXMLWhitespaceNormalizeCollapseASCII,2009016,119.3,64,1,paired,,r9-lex-1-baseline.txt
r9,lex,baseline,1,1,97,BenchmarkXMLWhitespaceNormalizeReplaceNoop,,BenchmarkXMLWhitespaceNormalizeReplaceNoop,21727567,11.58,0,0,paired,,r9-lex-1-baseline.txt
r9,lex,baseline,1,1,97,BenchmarkXMLWhitespaceNormalizeCollapseNoop,,BenchmarkXMLWhitespaceNormalizeCollapseNoop,8866626,26.94,0,0,paired,,r9-lex-1-baseline.txt
r9,lex,baseline,1,1,97,BenchmarkXMLWhitespaceNormalizeReplaceUnicode,,BenchmarkXMLWhitespaceNormalizeReplaceUnicode,2145260,111.8,64,1,paired,,r9-lex-1-baseline.txt
r9,lex,baseline,1,1,97,BenchmarkXMLWhitespaceAttributeUnicode,,BenchmarkXMLWhitespaceAttributeUnicode,2167936,111.4,64,1,paired,,r9-lex-1-baseline.txt
r9,lex,current,1,2,98,BenchmarkXMLWhitespaceNormalizeReplaceASCII,,BenchmarkXMLWhitespaceNormalizeReplaceASCII,2510163,96.28,48,1,paired,,r9-lex-1-current.txt
r9,lex,current,1,2,98,BenchmarkXMLWhitespaceNormalizeCollapseASCII,,BenchmarkXMLWhitespaceNormalizeCollapseASCII,2055148,117.2,64,1,paired,,r9-lex-1-current.txt
r9,lex,current,1,2,98,BenchmarkXMLWhitespaceNormalizeReplaceNoop,,BenchmarkXMLWhitespaceNormalizeReplaceNoop,21404840,11.69,0,0,paired,,r9-lex-1-current.txt
r9,lex,current,1,2,98,BenchmarkXMLWhitespaceNormalizeCollapseNoop,,BenchmarkXMLWhitespaceNormalizeCollapseNoop,8883897,30.3,0,0,paired,,r9-lex-1-current.txt
r9,lex,current,1,2,98,BenchmarkXMLWhitespaceNormalizeReplaceUnicode,,BenchmarkXMLWhitespaceNormalizeReplaceUnicode,2128344,112.9,64,1,paired,,r9-lex-1-current.txt
r9,lex,current,1,2,98,BenchmarkXMLWhitespaceAttributeUnicode,,BenchmarkXMLWhitespaceAttributeUnicode,2107527,113.6,64,1,paired,,r9-lex-1-current.txt
r9,lex,baseline,2,3,100,BenchmarkXMLWhitespaceNormalizeReplaceASCII,,BenchmarkXMLWhitespaceNormalizeReplaceASCII,2413508,101.8,48,1,paired,,r9-lex-2-baseline.txt
r9,lex,baseline,2,3,100,BenchmarkXMLWhitespaceNormalizeCollapseASCII,,BenchmarkXMLWhitespaceNormalizeCollapseASCII,1987156,121.5,64,1,paired,,r9-lex-2-baseline.txt
r9,lex,baseline,2,3,100,BenchmarkXMLWhitespaceNormalizeReplaceNoop,,BenchmarkXMLWhitespaceNormalizeReplaceNoop,20588193,11.47,0,0,paired,,r9-lex-2-baseline.txt
r9,lex,baseline,2,3,100,BenchmarkXMLWhitespaceNormalizeCollapseNoop,,BenchmarkXMLWhitespaceNormalizeCollapseNoop,9332106,25.68,0,0,paired,,r9-lex-2-baseline.txt
r9,lex,baseline,2,3,100,BenchmarkXMLWhitespaceNormalizeReplaceUnicode,,BenchmarkXMLWhitespaceNormalizeReplaceUnicode,2245876,107.9,64,1,paired,,r9-lex-2-baseline.txt
r9,lex,baseline,2,3,100,BenchmarkXMLWhitespaceAttributeUnicode,,BenchmarkXMLWhitespaceAttributeUnicode,2152173,112.2,64,1,paired,,r9-lex-2-baseline.txt
r9,lex,current,2,4,99,BenchmarkXMLWhitespaceNormalizeReplaceASCII,,BenchmarkXMLWhitespaceNormalizeReplaceASCII,2376351,99.86,48,1,paired,,r9-lex-2-current.txt
r9,lex,current,2,4,99,BenchmarkXMLWhitespaceNormalizeCollapseASCII,,BenchmarkXMLWhitespaceNormalizeCollapseASCII,2012742,118.7,64,1,paired,,r9-lex-2-current.txt
r9,lex,current,2,4,99,BenchmarkXMLWhitespaceNormalizeReplaceNoop,,BenchmarkXMLWhitespaceNormalizeReplaceNoop,21064488,11.29,0,0,paired,,r9-lex-2-current.txt
r9,lex,current,2,4,99,BenchmarkXMLWhitespaceNormalizeCollapseNoop,,BenchmarkXMLWhitespaceNormalizeCollapseNoop,9394310,26.1,0,0,paired,,r9-lex-2-current.txt
r9,lex,current,2,4,99,BenchmarkXMLWhitespaceNormalizeReplaceUnicode,,BenchmarkXMLWhitespaceNormalizeReplaceUnicode,2138846,111.5,64,1,paired,,r9-lex-2-current.txt
r9,lex,current,2,4,99,BenchmarkXMLWhitespaceAttributeUnicode,,BenchmarkXMLWhitespaceAttributeUnicode,2141679,113.2,64,1,paired,,r9-lex-2-current.txt
r9,lex,baseline,3,5,101,BenchmarkXMLWhitespaceNormalizeReplaceASCII,,BenchmarkXMLWhitespaceNormalizeReplaceASCII,2442928,98.93,48,1,paired,,r9-lex-3-baseline.txt
r9,lex,baseline,3,5,101,BenchmarkXMLWhitespaceNormalizeCollapseASCII,,BenchmarkXMLWhitespaceNormalizeCollapseASCII,1941267,122.9,64,1,paired,,r9-lex-3-baseline.txt
r9,lex,baseline,3,5,101,BenchmarkXMLWhitespaceNormalizeReplaceNoop,,BenchmarkXMLWhitespaceNormalizeReplaceNoop,20856112,12.13,0,0,paired,,r9-lex-3-baseline.txt
r9,lex,baseline,3,5,101,BenchmarkXMLWhitespaceNormalizeCollapseNoop,,BenchmarkXMLWhitespaceNormalizeCollapseNoop,8218426,26.73,0,0,paired,,r9-lex-3-baseline.txt
r9,lex,baseline,3,5,101,BenchmarkXMLWhitespaceNormalizeReplaceUnicode,,BenchmarkXMLWhitespaceNormalizeReplaceUnicode,2233129,107.6,64,1,paired,,r9-lex-3-baseline.txt
r9,lex,baseline,3,5,101,BenchmarkXMLWhitespaceAttributeUnicode,,BenchmarkXMLWhitespaceAttributeUnicode,2245351,106.4,64,1,paired,,r9-lex-3-baseline.txt
r9,lex,current,3,6,102,BenchmarkXMLWhitespaceNormalizeReplaceASCII,,BenchmarkXMLWhitespaceNormalizeReplaceASCII,2514871,98.93,48,1,paired,,r9-lex-3-current.txt
r9,lex,current,3,6,102,BenchmarkXMLWhitespaceNormalizeCollapseASCII,,BenchmarkXMLWhitespaceNormalizeCollapseASCII,1935044,126.9,64,1,paired,,r9-lex-3-current.txt
r9,lex,current,3,6,102,BenchmarkXMLWhitespaceNormalizeReplaceNoop,,BenchmarkXMLWhitespaceNormalizeReplaceNoop,19360952,12.3,0,0,paired,,r9-lex-3-current.txt
r9,lex,current,3,6,102,BenchmarkXMLWhitespaceNormalizeCollapseNoop,,BenchmarkXMLWhitespaceNormalizeCollapseNoop,9133317,27.06,0,0,paired,,r9-lex-3-current.txt
r9,lex,current,3,6,102,BenchmarkXMLWhitespaceNormalizeReplaceUnicode,,BenchmarkXMLWhitespaceNormalizeReplaceUnicode,2126284,111.6,64,1,paired,,r9-lex-3-current.txt
r9,lex,current,3,6,102,BenchmarkXMLWhitespaceAttributeUnicode,,BenchmarkXMLWhitespaceAttributeUnicode,2173366,110.8,64,1,paired,,r9-lex-3-current.txt
r9,lex,baseline,4,7,104,BenchmarkXMLWhitespaceNormalizeReplaceASCII,,BenchmarkXMLWhitespaceNormalizeReplaceASCII,2382368,101.8,48,1,paired,,r9-lex-4-baseline.txt
r9,lex,baseline,4,7,104,BenchmarkXMLWhitespaceNormalizeCollapseASCII,,BenchmarkXMLWhitespaceNormalizeCollapseASCII,2020929,118.4,64,1,paired,,r9-lex-4-baseline.txt
r9,lex,baseline,4,7,104,BenchmarkXMLWhitespaceNormalizeReplaceNoop,,BenchmarkXMLWhitespaceNormalizeReplaceNoop,20951320,11.21,0,0,paired,,r9-lex-4-baseline.txt
r9,lex,baseline,4,7,104,BenchmarkXMLWhitespaceNormalizeCollapseNoop,,BenchmarkXMLWhitespaceNormalizeCollapseNoop,9381931,25.85,0,0,paired,,r9-lex-4-baseline.txt
r9,lex,baseline,4,7,104,BenchmarkXMLWhitespaceNormalizeReplaceUnicode,,BenchmarkXMLWhitespaceNormalizeReplaceUnicode,2135512,111.2,64,1,paired,,r9-lex-4-baseline.txt
r9,lex,baseline,4,7,104,BenchmarkXMLWhitespaceAttributeUnicode,,BenchmarkXMLWhitespaceAttributeUnicode,2187063,111,64,1,paired,,r9-lex-4-baseline.txt
r9,lex,current,4,8,103,BenchmarkXMLWhitespaceNormalizeReplaceASCII,,BenchmarkXMLWhitespaceNormalizeReplaceASCII,2452686,97.56,48,1,paired,,r9-lex-4-current.txt
r9,lex,current,4,8,103,BenchmarkXMLWhitespaceNormalizeCollapseASCII,,BenchmarkXMLWhitespaceNormalizeCollapseASCII,2031338,119.3,64,1,paired,,r9-lex-4-current.txt
r9,lex,current,4,8,103,BenchmarkXMLWhitespaceNormalizeReplaceNoop,,BenchmarkXMLWhitespaceNormalizeReplaceNoop,21283906,11.5,0,0,paired,,r9-lex-4-current.txt
r9,lex,current,4,8,103,BenchmarkXMLWhitespaceNormalizeCollapseNoop,,BenchmarkXMLWhitespaceNormalizeCollapseNoop,8817436,26.89,0,0,paired,,r9-lex-4-current.txt
r9,lex,current,4,8,103,BenchmarkXMLWhitespaceNormalizeReplaceUnicode,,BenchmarkXMLWhitespaceNormalizeReplaceUnicode,2151007,111.1,64,1,paired,,r9-lex-4-current.txt
r9,lex,current,4,8,103,BenchmarkXMLWhitespaceAttributeUnicode,,BenchmarkXMLWhitespaceAttributeUnicode,2133130,112.7,64,1,paired,,r9-lex-4-current.txt
r9,lex,baseline,5,9,105,BenchmarkXMLWhitespaceNormalizeReplaceASCII,,BenchmarkXMLWhitespaceNormalizeReplaceASCII,2403993,100.8,48,1,paired,,r9-lex-5-baseline.txt
r9,lex,baseline,5,9,105,BenchmarkXMLWhitespaceNormalizeCollapseASCII,,BenchmarkXMLWhitespaceNormalizeCollapseASCII,1960011,122,64,1,paired,,r9-lex-5-baseline.txt
r9,lex,baseline,5,9,105,BenchmarkXMLWhitespaceNormalizeReplaceNoop,,BenchmarkXMLWhitespaceNormalizeReplaceNoop,20007085,11.45,0,0,paired,,r9-lex-5-baseline.txt
r9,lex,baseline,5,9,105,BenchmarkXMLWhitespaceNormalizeCollapseNoop,,BenchmarkXMLWhitespaceNormalizeCollapseNoop,9266304,25.75,0,0,paired,,r9-lex-5-baseline.txt
r9,lex,baseline,5,9,105,BenchmarkXMLWhitespaceNormalizeReplaceUnicode,,BenchmarkXMLWhitespaceNormalizeReplaceUnicode,2229216,108.5,64,1,paired,,r9-lex-5-baseline.txt
r9,lex,baseline,5,9,105,BenchmarkXMLWhitespaceAttributeUnicode,,BenchmarkXMLWhitespaceAttributeUnicode,2184776,110.9,64,1,paired,,r9-lex-5-baseline.txt
r9,lex,current,5,10,106,BenchmarkXMLWhitespaceNormalizeReplaceASCII,,BenchmarkXMLWhitespaceNormalizeReplaceASCII,2424344,100.8,48,1,paired,,r9-lex-5-current.txt
r9,lex,current,5,10,106,BenchmarkXMLWhitespaceNormalizeCollapseASCII,,BenchmarkXMLWhitespaceNormalizeCollapseASCII,1917037,124,64,1,paired,,r9-lex-5-current.txt
r9,lex,current,5,10,106,BenchmarkXMLWhitespaceNormalizeReplaceNoop,,BenchmarkXMLWhitespaceNormalizeReplaceNoop,20070036,11.96,0,0,paired,,r9-lex-5-current.txt
r9,lex,current,5,10,106,BenchmarkXMLWhitespaceNormalizeCollapseNoop,,BenchmarkXMLWhitespaceNormalizeCollapseNoop,8963808,26.85,0,0,paired,,r9-lex-5-current.txt
r9,lex,current,5,10,106,BenchmarkXMLWhitespaceNormalizeReplaceUnicode,,BenchmarkXMLWhitespaceNormalizeReplaceUnicode,2237426,107.5,64,1,paired,,r9-lex-5-current.txt
r9,lex,current,5,10,106,BenchmarkXMLWhitespaceAttributeUnicode,,BenchmarkXMLWhitespaceAttributeUnicode,2248641,106.7,64,1,paired,,r9-lex-5-current.txt
r9,lex,baseline,6,11,108,BenchmarkXMLWhitespaceNormalizeReplaceASCII,,BenchmarkXMLWhitespaceNormalizeReplaceASCII,2491870,97.34,48,1,paired,,r9-lex-6-baseline.txt
r9,lex,baseline,6,11,108,BenchmarkXMLWhitespaceNormalizeCollapseASCII,,BenchmarkXMLWhitespaceNormalizeCollapseASCII,1999124,120.3,64,1,paired,,r9-lex-6-baseline.txt
r9,lex,baseline,6,11,108,BenchmarkXMLWhitespaceNormalizeReplaceNoop,,BenchmarkXMLWhitespaceNormalizeReplaceNoop,21218438,11.62,0,0,paired,,r9-lex-6-baseline.txt
r9,lex,baseline,6,11,108,BenchmarkXMLWhitespaceNormalizeCollapseNoop,,BenchmarkXMLWhitespaceNormalizeCollapseNoop,9018643,27.11,0,0,paired,,r9-lex-6-baseline.txt
r9,lex,baseline,6,11,108,BenchmarkXMLWhitespaceNormalizeReplaceUnicode,,BenchmarkXMLWhitespaceNormalizeReplaceUnicode,2139823,111.7,64,1,paired,,r9-lex-6-baseline.txt
r9,lex,baseline,6,11,108,BenchmarkXMLWhitespaceAttributeUnicode,,BenchmarkXMLWhitespaceAttributeUnicode,2133720,114,64,1,paired,,r9-lex-6-baseline.txt
r9,lex,current,6,12,107,BenchmarkXMLWhitespaceNormalizeReplaceASCII,,BenchmarkXMLWhitespaceNormalizeReplaceASCII,2413269,100.4,48,1,paired,,r9-lex-6-current.txt
r9,lex,current,6,12,107,BenchmarkXMLWhitespaceNormalizeCollapseASCII,,BenchmarkXMLWhitespaceNormalizeCollapseASCII,1946118,123.2,64,1,paired,,r9-lex-6-current.txt
r9,lex,current,6,12,107,BenchmarkXMLWhitespaceNormalizeReplaceNoop,,BenchmarkXMLWhitespaceNormalizeReplaceNoop,20129724,11.86,0,0,paired,,r9-lex-6-current.txt
r9,lex,current,6,12,107,BenchmarkXMLWhitespaceNormalizeCollapseNoop,,BenchmarkXMLWhitespaceNormalizeCollapseNoop,9279724,26.88,0,0,paired,,r9-lex-6-current.txt
r9,lex,current,6,12,107,BenchmarkXMLWhitespaceNormalizeReplaceUnicode,,BenchmarkXMLWhitespaceNormalizeReplaceUnicode,2123902,110.8,64,1,paired,,r9-lex-6-current.txt
r9,lex,current,6,12,107,BenchmarkXMLWhitespaceAttributeUnicode,,BenchmarkXMLWhitespaceAttributeUnicode,2214543,107.5,64,1,paired,,r9-lex-6-current.txt
r9,uri,baseline,1,1,109,BenchmarkReference/Check/schema.xsd,,BenchmarkReference/Check/schema.xsd,1557886,153.9,0,0,paired,,r9-uri-1-baseline.txt
r9,uri,baseline,1,1,109,BenchmarkReference/Parse/schema.xsd,,BenchmarkReference/Parse/schema.xsd,1319000,180.3,0,0,paired,,r9-uri-1-baseline.txt
r9,uri,baseline,1,1,109,BenchmarkReference/Check/https://example.com/schema.xsd,,BenchmarkReference/Check/https://example.com/schema.xsd,567363,395,0,0,paired,,r9-uri-1-baseline.txt
r9,uri,baseline,1,1,109,BenchmarkReference/Parse/https://example.com/schema.xsd,,BenchmarkReference/Parse/https://example.com/schema.xsd,593703,422.2,0,0,paired,,r9-uri-1-baseline.txt
r9,uri,baseline,1,1,109,BenchmarkReference/Check/path/schema%20name.xsd,,BenchmarkReference/Check/path/schema%20name.xsd,829851,297.2,0,0,paired,,r9-uri-1-baseline.txt
r9,uri,baseline,1,1,109,BenchmarkReference/Parse/path/schema%20name.xsd,,BenchmarkReference/Parse/path/schema%20name.xsd,788619,315.5,0,0,paired,,r9-uri-1-baseline.txt
r9,uri,baseline,1,1,109,BenchmarkReference/Check/a^b,,BenchmarkReference/Check/a^b,4080319,58.88,0,0,paired,,r9-uri-1-baseline.txt
r9,uri,baseline,1,1,109,BenchmarkReference/Parse/a^b,,BenchmarkReference/Parse/a^b,3152020,76.46,0,0,paired,,r9-uri-1-baseline.txt
r9,uri,baseline,1,1,109,BenchmarkReference/Check/a/☃,,BenchmarkReference/Check/a/☃,4325064,58.96,0,0,paired,,r9-uri-1-baseline.txt
r9,uri,baseline,1,1,109,BenchmarkReference/Parse/a/☃,,BenchmarkReference/Parse/a/☃,3144955,75.67,0,0,paired,,r9-uri-1-baseline.txt
r9,uri,baseline,1,1,109,BenchmarkReference/Escaped/ASCII,,BenchmarkReference/Escaped/ASCII,67608794,3.484,0,0,paired,,r9-uri-1-baseline.txt
r9,uri,baseline,1,1,109,BenchmarkReference/Escaped/extended,,BenchmarkReference/Escaped/extended,7449472,31.4,8,1,paired,,r9-uri-1-baseline.txt
r9,uri,current,1,2,110,BenchmarkReference/Check/schema.xsd,,BenchmarkReference/Check/schema.xsd,1549368,154.8,0,0,paired,,r9-uri-1-current.txt
r9,uri,current,1,2,110,BenchmarkReference/Parse/schema.xsd,,BenchmarkReference/Parse/schema.xsd,1388782,172.4,0,0,paired,,r9-uri-1-current.txt
r9,uri,current,1,2,110,BenchmarkReference/Check/https://example.com/schema.xsd,,BenchmarkReference/Check/https://example.com/schema.xsd,641360,396.8,0,0,paired,,r9-uri-1-current.txt
r9,uri,current,1,2,110,BenchmarkReference/Parse/https://example.com/schema.xsd,,BenchmarkReference/Parse/https://example.com/schema.xsd,579400,414.3,0,0,paired,,r9-uri-1-current.txt
r9,uri,current,1,2,110,BenchmarkReference/Check/path/schema%20name.xsd,,BenchmarkReference/Check/path/schema%20name.xsd,716016,298.2,0,0,paired,,r9-uri-1-current.txt
r9,uri,current,1,2,110,BenchmarkReference/Parse/path/schema%20name.xsd,,BenchmarkReference/Parse/path/schema%20name.xsd,729177,322.1,0,0,paired,,r9-uri-1-current.txt
r9,uri,current,1,2,110,BenchmarkReference/Check/a^b,,BenchmarkReference/Check/a^b,3839103,64.36,0,0,paired,,r9-uri-1-current.txt
r9,uri,current,1,2,110,BenchmarkReference/Parse/a^b,,BenchmarkReference/Parse/a^b,2995348,79.51,0,0,paired,,r9-uri-1-current.txt
r9,uri,current,1,2,110,BenchmarkReference/Check/a/☃,,BenchmarkReference/Check/a/☃,4348389,55.64,0,0,paired,,r9-uri-1-current.txt
r9,uri,current,1,2,110,BenchmarkReference/Parse/a/☃,,BenchmarkReference/Parse/a/☃,3428337,71.12,0,0,paired,,r9-uri-1-current.txt
r9,uri,current,1,2,110,BenchmarkReference/Escaped/ASCII,,BenchmarkReference/Escaped/ASCII,73342168,3.422,0,0,paired,,r9-uri-1-current.txt
r9,uri,current,1,2,110,BenchmarkReference/Escaped/extended,,BenchmarkReference/Escaped/extended,7976822,30.57,8,1,paired,,r9-uri-1-current.txt
r9,uri,baseline,2,3,112,BenchmarkReference/Check/schema.xsd,,BenchmarkReference/Check/schema.xsd,1559758,154.3,0,0,paired,,r9-uri-2-baseline.txt
r9,uri,baseline,2,3,112,BenchmarkReference/Parse/schema.xsd,,BenchmarkReference/Parse/schema.xsd,1326693,182.4,0,0,paired,,r9-uri-2-baseline.txt
r9,uri,baseline,2,3,112,BenchmarkReference/Check/https://example.com/schema.xsd,,BenchmarkReference/Check/https://example.com/schema.xsd,582235,400.3,0,0,paired,,r9-uri-2-baseline.txt
r9,uri,baseline,2,3,112,BenchmarkReference/Parse/https://example.com/schema.xsd,,BenchmarkReference/Parse/https://example.com/schema.xsd,576333,429.8,0,0,paired,,r9-uri-2-baseline.txt
r9,uri,baseline,2,3,112,BenchmarkReference/Check/path/schema%20name.xsd,,BenchmarkReference/Check/path/schema%20name.xsd,833428,296,0,0,paired,,r9-uri-2-baseline.txt
r9,uri,baseline,2,3,112,BenchmarkReference/Parse/path/schema%20name.xsd,,BenchmarkReference/Parse/path/schema%20name.xsd,782576,307.2,0,0,paired,,r9-uri-2-baseline.txt
r9,uri,baseline,2,3,112,BenchmarkReference/Check/a^b,,BenchmarkReference/Check/a^b,4082462,59.25,0,0,paired,,r9-uri-2-baseline.txt
r9,uri,baseline,2,3,112,BenchmarkReference/Parse/a^b,,BenchmarkReference/Parse/a^b,3156854,76.33,0,0,paired,,r9-uri-2-baseline.txt
r9,uri,baseline,2,3,112,BenchmarkReference/Check/a/☃,,BenchmarkReference/Check/a/☃,4070193,59,0,0,paired,,r9-uri-2-baseline.txt
r9,uri,baseline,2,3,112,BenchmarkReference/Parse/a/☃,,BenchmarkReference/Parse/a/☃,3179726,75.58,0,0,paired,,r9-uri-2-baseline.txt
r9,uri,baseline,2,3,112,BenchmarkReference/Escaped/ASCII,,BenchmarkReference/Escaped/ASCII,66413005,3.516,0,0,paired,,r9-uri-2-baseline.txt
r9,uri,baseline,2,3,112,BenchmarkReference/Escaped/extended,,BenchmarkReference/Escaped/extended,7923874,31.2,8,1,paired,,r9-uri-2-baseline.txt
r9,uri,current,2,4,111,BenchmarkReference/Check/schema.xsd,,BenchmarkReference/Check/schema.xsd,1488969,161,0,0,paired,,r9-uri-2-current.txt
r9,uri,current,2,4,111,BenchmarkReference/Parse/schema.xsd,,BenchmarkReference/Parse/schema.xsd,1356253,176.2,0,0,paired,,r9-uri-2-current.txt
r9,uri,current,2,4,111,BenchmarkReference/Check/https://example.com/schema.xsd,,BenchmarkReference/Check/https://example.com/schema.xsd,612406,393.2,0,0,paired,,r9-uri-2-current.txt
r9,uri,current,2,4,111,BenchmarkReference/Parse/https://example.com/schema.xsd,,BenchmarkReference/Parse/https://example.com/schema.xsd,599842,393.1,0,0,paired,,r9-uri-2-current.txt
r9,uri,current,2,4,111,BenchmarkReference/Check/path/schema%20name.xsd,,BenchmarkReference/Check/path/schema%20name.xsd,852714,277.6,0,0,paired,,r9-uri-2-current.txt
r9,uri,current,2,4,111,BenchmarkReference/Parse/path/schema%20name.xsd,,BenchmarkReference/Parse/path/schema%20name.xsd,804142,303.8,0,0,paired,,r9-uri-2-current.txt
r9,uri,current,2,4,111,BenchmarkReference/Check/a^b,,BenchmarkReference/Check/a^b,3855841,61.84,0,0,paired,,r9-uri-2-current.txt
r9,uri,current,2,4,111,BenchmarkReference/Parse/a^b,,BenchmarkReference/Parse/a^b,3017257,79.61,0,0,paired,,r9-uri-2-current.txt
r9,uri,current,2,4,111,BenchmarkReference/Check/a/☃,,BenchmarkReference/Check/a/☃,4063692,60.54,0,0,paired,,r9-uri-2-current.txt
r9,uri,current,2,4,111,BenchmarkReference/Parse/a/☃,,BenchmarkReference/Parse/a/☃,3206229,76.01,0,0,paired,,r9-uri-2-current.txt
r9,uri,current,2,4,111,BenchmarkReference/Escaped/ASCII,,BenchmarkReference/Escaped/ASCII,66696772,3.333,0,0,paired,,r9-uri-2-current.txt
r9,uri,current,2,4,111,BenchmarkReference/Escaped/extended,,BenchmarkReference/Escaped/extended,8136696,29.54,8,1,paired,,r9-uri-2-current.txt
r9,uri,baseline,3,5,113,BenchmarkReference/Check/schema.xsd,,BenchmarkReference/Check/schema.xsd,1484155,160.5,0,0,paired,,r9-uri-3-baseline.txt
r9,uri,baseline,3,5,113,BenchmarkReference/Parse/schema.xsd,,BenchmarkReference/Parse/schema.xsd,1390161,172.8,0,0,paired,,r9-uri-3-baseline.txt
r9,uri,baseline,3,5,113,BenchmarkReference/Check/https://example.com/schema.xsd,,BenchmarkReference/Check/https://example.com/schema.xsd,628449,376,0,0,paired,,r9-uri-3-baseline.txt
r9,uri,baseline,3,5,113,BenchmarkReference/Parse/https://example.com/schema.xsd,,BenchmarkReference/Parse/https://example.com/schema.xsd,598908,418,0,0,paired,,r9-uri-3-baseline.txt
r9,uri,baseline,3,5,113,BenchmarkReference/Check/path/schema%20name.xsd,,BenchmarkReference/Check/path/schema%20name.xsd,729057,295.8,0,0,paired,,r9-uri-3-baseline.txt
r9,uri,baseline,3,5,113,BenchmarkReference/Parse/path/schema%20name.xsd,,BenchmarkReference/Parse/path/schema%20name.xsd,667910,319.9,0,0,paired,,r9-uri-3-baseline.txt
r9,uri,baseline,3,5,113,BenchmarkReference/Check/a^b,,BenchmarkReference/Check/a^b,3858693,62.85,0,0,paired,,r9-uri-3-baseline.txt
r9,uri,baseline,3,5,113,BenchmarkReference/Parse/a^b,,BenchmarkReference/Parse/a^b,2950105,80.49,0,0,paired,,r9-uri-3-baseline.txt
r9,uri,baseline,3,5,113,BenchmarkReference/Check/a/☃,,BenchmarkReference/Check/a/☃,4105952,57.66,0,0,paired,,r9-uri-3-baseline.txt
r9,uri,baseline,3,5,113,BenchmarkReference/Parse/a/☃,,BenchmarkReference/Parse/a/☃,3285693,72.81,0,0,paired,,r9-uri-3-baseline.txt
r9,uri,baseline,3,5,113,BenchmarkReference/Escaped/ASCII,,BenchmarkReference/Escaped/ASCII,72938174,3.347,0,0,paired,,r9-uri-3-baseline.txt
r9,uri,baseline,3,5,113,BenchmarkReference/Escaped/extended,,BenchmarkReference/Escaped/extended,7543957,30.18,8,1,paired,,r9-uri-3-baseline.txt
r9,uri,current,3,6,114,BenchmarkReference/Check/schema.xsd,,BenchmarkReference/Check/schema.xsd,1472138,162.6,0,0,paired,,r9-uri-3-current.txt
r9,uri,current,3,6,114,BenchmarkReference/Parse/schema.xsd,,BenchmarkReference/Parse/schema.xsd,1308584,182.7,0,0,paired,,r9-uri-3-current.txt
r9,uri,current,3,6,114,BenchmarkReference/Check/https://example.com/schema.xsd,,BenchmarkReference/Check/https://example.com/schema.xsd,593991,401.7,0,0,paired,,r9-uri-3-current.txt
r9,uri,current,3,6,114,BenchmarkReference/Parse/https://example.com/schema.xsd,,BenchmarkReference/Parse/https://example.com/schema.xsd,512901,409.8,0,0,paired,,r9-uri-3-current.txt
r9,uri,current,3,6,114,BenchmarkReference/Check/path/schema%20name.xsd,,BenchmarkReference/Check/path/schema%20name.xsd,860792,280.2,0,0,paired,,r9-uri-3-current.txt
r9,uri,current,3,6,114,BenchmarkReference/Parse/path/schema%20name.xsd,,BenchmarkReference/Parse/path/schema%20name.xsd,828859,300.5,0,0,paired,,r9-uri-3-current.txt
r9,uri,current,3,6,114,BenchmarkReference/Check/a^b,,BenchmarkReference/Check/a^b,3806733,61.85,0,0,paired,,r9-uri-3-current.txt
r9,uri,current,3,6,114,BenchmarkReference/Parse/a^b,,BenchmarkReference/Parse/a^b,2992627,79.96,0,0,paired,,r9-uri-3-current.txt
r9,uri,current,3,6,114,BenchmarkReference/Check/a/☃,,BenchmarkReference/Check/a/☃,4053844,60.2,0,0,paired,,r9-uri-3-current.txt
r9,uri,current,3,6,114,BenchmarkReference/Parse/a/☃,,BenchmarkReference/Parse/a/☃,3186528,76.52,0,0,paired,,r9-uri-3-current.txt
r9,uri,current,3,6,114,BenchmarkReference/Escaped/ASCII,,BenchmarkReference/Escaped/ASCII,67352653,3.417,0,0,paired,,r9-uri-3-current.txt
r9,uri,current,3,6,114,BenchmarkReference/Escaped/extended,,BenchmarkReference/Escaped/extended,8084198,29.4,8,1,paired,,r9-uri-3-current.txt
r9,uri,baseline,4,7,116,BenchmarkReference/Check/schema.xsd,,BenchmarkReference/Check/schema.xsd,1489233,161.5,0,0,paired,,r9-uri-4-baseline.txt
r9,uri,baseline,4,7,116,BenchmarkReference/Parse/schema.xsd,,BenchmarkReference/Parse/schema.xsd,1367928,174.8,0,0,paired,,r9-uri-4-baseline.txt
r9,uri,baseline,4,7,116,BenchmarkReference/Check/https://example.com/schema.xsd,,BenchmarkReference/Check/https://example.com/schema.xsd,643431,376.4,0,0,paired,,r9-uri-4-baseline.txt
r9,uri,baseline,4,7,116,BenchmarkReference/Parse/https://example.com/schema.xsd,,BenchmarkReference/Parse/https://example.com/schema.xsd,599224,407.2,0,0,paired,,r9-uri-4-baseline.txt
r9,uri,baseline,4,7,116,BenchmarkReference/Check/path/schema%20name.xsd,,BenchmarkReference/Check/path/schema%20name.xsd,856606,299.4,0,0,paired,,r9-uri-4-baseline.txt
r9,uri,baseline,4,7,116,BenchmarkReference/Parse/path/schema%20name.xsd,,BenchmarkReference/Parse/path/schema%20name.xsd,792733,318.2,0,0,paired,,r9-uri-4-baseline.txt
r9,uri,baseline,4,7,116,BenchmarkReference/Check/a^b,,BenchmarkReference/Check/a^b,3778506,62.72,0,0,paired,,r9-uri-4-baseline.txt
r9,uri,baseline,4,7,116,BenchmarkReference/Parse/a^b,,BenchmarkReference/Parse/a^b,2944724,80.15,0,0,paired,,r9-uri-4-baseline.txt
r9,uri,baseline,4,7,116,BenchmarkReference/Check/a/☃,,BenchmarkReference/Check/a/☃,3906034,58.39,0,0,paired,,r9-uri-4-baseline.txt
r9,uri,baseline,4,7,116,BenchmarkReference/Parse/a/☃,,BenchmarkReference/Parse/a/☃,3295099,72.47,0,0,paired,,r9-uri-4-baseline.txt
r9,uri,baseline,4,7,116,BenchmarkReference/Escaped/ASCII,,BenchmarkReference/Escaped/ASCII,73352434,3.359,0,0,paired,,r9-uri-4-baseline.txt
r9,uri,baseline,4,7,116,BenchmarkReference/Escaped/extended,,BenchmarkReference/Escaped/extended,7873520,30.83,8,1,paired,,r9-uri-4-baseline.txt
r9,uri,current,4,8,115,BenchmarkReference/Check/schema.xsd,,BenchmarkReference/Check/schema.xsd,1549708,155,0,0,paired,,r9-uri-4-current.txt
r9,uri,current,4,8,115,BenchmarkReference/Parse/schema.xsd,,BenchmarkReference/Parse/schema.xsd,1343715,179.2,0,0,paired,,r9-uri-4-current.txt
r9,uri,current,4,8,115,BenchmarkReference/Check/https://example.com/schema.xsd,,BenchmarkReference/Check/https://example.com/schema.xsd,633418,393,0,0,paired,,r9-uri-4-current.txt
r9,uri,current,4,8,115,BenchmarkReference/Parse/https://example.com/schema.xsd,,BenchmarkReference/Parse/https://example.com/schema.xsd,535882,417.7,0,0,paired,,r9-uri-4-current.txt
r9,uri,current,4,8,115,BenchmarkReference/Check/path/schema%20name.xsd,,BenchmarkReference/Check/path/schema%20name.xsd,848281,296.7,0,0,paired,,r9-uri-4-current.txt
r9,uri,current,4,8,115,BenchmarkReference/Parse/path/schema%20name.xsd,,BenchmarkReference/Parse/path/schema%20name.xsd,785307,310.7,0,0,paired,,r9-uri-4-current.txt
r9,uri,current,4,8,115,BenchmarkReference/Check/a^b,,BenchmarkReference/Check/a^b,4082858,59.02,0,0,paired,,r9-uri-4-current.txt
r9,uri,current,4,8,115,BenchmarkReference/Parse/a^b,,BenchmarkReference/Parse/a^b,3138411,76.58,0,0,paired,,r9-uri-4-current.txt
r9,uri,current,4,8,115,BenchmarkReference/Check/a/☃,,BenchmarkReference/Check/a/☃,4256780,58.44,0,0,paired,,r9-uri-4-current.txt
r9,uri,current,4,8,115,BenchmarkReference/Parse/a/☃,,BenchmarkReference/Parse/a/☃,3174697,76.07,0,0,paired,,r9-uri-4-current.txt
r9,uri,current,4,8,115,BenchmarkReference/Escaped/ASCII,,BenchmarkReference/Escaped/ASCII,72267388,3.423,0,0,paired,,r9-uri-4-current.txt
r9,uri,current,4,8,115,BenchmarkReference/Escaped/extended,,BenchmarkReference/Escaped/extended,7793704,31.26,8,1,paired,,r9-uri-4-current.txt
r9,uri,baseline,5,9,117,BenchmarkReference/Check/schema.xsd,,BenchmarkReference/Check/schema.xsd,1486573,162.8,0,0,paired,,r9-uri-5-baseline.txt
r9,uri,baseline,5,9,117,BenchmarkReference/Parse/schema.xsd,,BenchmarkReference/Parse/schema.xsd,1332842,180.7,0,0,paired,,r9-uri-5-baseline.txt
r9,uri,baseline,5,9,117,BenchmarkReference/Check/https://example.com/schema.xsd,,BenchmarkReference/Check/https://example.com/schema.xsd,582447,399,0,0,paired,,r9-uri-5-baseline.txt
r9,uri,baseline,5,9,117,BenchmarkReference/Parse/https://example.com/schema.xsd,,BenchmarkReference/Parse/https://example.com/schema.xsd,594378,407.3,0,0,paired,,r9-uri-5-baseline.txt
r9,uri,baseline,5,9,117,BenchmarkReference/Check/path/schema%20name.xsd,,BenchmarkReference/Check/path/schema%20name.xsd,851830,282.6,0,0,paired,,r9-uri-5-baseline.txt
r9,uri,baseline,5,9,117,BenchmarkReference/Parse/path/schema%20name.xsd,,BenchmarkReference/Parse/path/schema%20name.xsd,805380,302,0,0,paired,,r9-uri-5-baseline.txt
r9,uri,baseline,5,9,117,BenchmarkReference/Check/a^b,,BenchmarkReference/Check/a^b,3760514,62.73,0,0,paired,,r9-uri-5-baseline.txt
r9,uri,baseline,5,9,117,BenchmarkReference/Parse/a^b,,BenchmarkReference/Parse/a^b,2990110,79.66,0,0,paired,,r9-uri-5-baseline.txt
r9,uri,baseline,5,9,117,BenchmarkReference/Check/a/☃,,BenchmarkReference/Check/a/☃,4087706,59.3,0,0,paired,,r9-uri-5-baseline.txt
r9,uri,baseline,5,9,117,BenchmarkReference/Parse/a/☃,,BenchmarkReference/Parse/a/☃,3144061,76.25,0,0,paired,,r9-uri-5-baseline.txt
r9,uri,baseline,5,9,117,BenchmarkReference/Escaped/ASCII,,BenchmarkReference/Escaped/ASCII,64245554,3.441,0,0,paired,,r9-uri-5-baseline.txt
r9,uri,baseline,5,9,117,BenchmarkReference/Escaped/extended,,BenchmarkReference/Escaped/extended,8039695,29.62,8,1,paired,,r9-uri-5-baseline.txt
r9,uri,current,5,10,118,BenchmarkReference/Check/schema.xsd,,BenchmarkReference/Check/schema.xsd,1555270,154.4,0,0,paired,,r9-uri-5-current.txt
r9,uri,current,5,10,118,BenchmarkReference/Parse/schema.xsd,,BenchmarkReference/Parse/schema.xsd,1368907,177.1,0,0,paired,,r9-uri-5-current.txt
r9,uri,current,5,10,118,BenchmarkReference/Check/https://example.com/schema.xsd,,BenchmarkReference/Check/https://example.com/schema.xsd,632757,394.3,0,0,paired,,r9-uri-5-current.txt
r9,uri,current,5,10,118,BenchmarkReference/Parse/https://example.com/schema.xsd,,BenchmarkReference/Parse/https://example.com/schema.xsd,550158,425.5,0,0,paired,,r9-uri-5-current.txt
r9,uri,current,5,10,118,BenchmarkReference/Check/path/schema%20name.xsd,,BenchmarkReference/Check/path/schema%20name.xsd,712491,302.4,0,0,paired,,r9-uri-5-current.txt
r9,uri,current,5,10,118,BenchmarkReference/Parse/path/schema%20name.xsd,,BenchmarkReference/Parse/path/schema%20name.xsd,676596,331,0,0,paired,,r9-uri-5-current.txt
r9,uri,current,5,10,118,BenchmarkReference/Check/a^b,,BenchmarkReference/Check/a^b,3692032,64.14,0,0,paired,,r9-uri-5-current.txt
r9,uri,current,5,10,118,BenchmarkReference/Parse/a^b,,BenchmarkReference/Parse/a^b,2996224,76.24,0,0,paired,,r9-uri-5-current.txt
r9,uri,current,5,10,118,BenchmarkReference/Check/a/☃,,BenchmarkReference/Check/a/☃,4327364,55.44,0,0,paired,,r9-uri-5-current.txt
r9,uri,current,5,10,118,BenchmarkReference/Parse/a/☃,,BenchmarkReference/Parse/a/☃,3380186,71.88,0,0,paired,,r9-uri-5-current.txt
r9,uri,current,5,10,118,BenchmarkReference/Escaped/ASCII,,BenchmarkReference/Escaped/ASCII,72337264,3.421,0,0,paired,,r9-uri-5-current.txt
r9,uri,current,5,10,118,BenchmarkReference/Escaped/extended,,BenchmarkReference/Escaped/extended,7941934,31.93,8,1,paired,,r9-uri-5-current.txt
r9,uri,baseline,6,11,120,BenchmarkReference/Check/schema.xsd,,BenchmarkReference/Check/schema.xsd,1550647,154.7,0,0,paired,,r9-uri-6-baseline.txt
r9,uri,baseline,6,11,120,BenchmarkReference/Parse/schema.xsd,,BenchmarkReference/Parse/schema.xsd,1385778,175.3,0,0,paired,,r9-uri-6-baseline.txt
r9,uri,baseline,6,11,120,BenchmarkReference/Check/https://example.com/schema.xsd,,BenchmarkReference/Check/https://example.com/schema.xsd,631122,393.9,0,0,paired,,r9-uri-6-baseline.txt
r9,uri,baseline,6,11,120,BenchmarkReference/Parse/https://example.com/schema.xsd,,BenchmarkReference/Parse/https://example.com/schema.xsd,611282,420.3,0,0,paired,,r9-uri-6-baseline.txt
r9,uri,baseline,6,11,120,BenchmarkReference/Check/path/schema%20name.xsd,,BenchmarkReference/Check/path/schema%20name.xsd,842412,294.1,0,0,paired,,r9-uri-6-baseline.txt
r9,uri,baseline,6,11,120,BenchmarkReference/Parse/path/schema%20name.xsd,,BenchmarkReference/Parse/path/schema%20name.xsd,773558,318.7,0,0,paired,,r9-uri-6-baseline.txt
r9,uri,baseline,6,11,120,BenchmarkReference/Check/a^b,,BenchmarkReference/Check/a^b,3915963,59.34,0,0,paired,,r9-uri-6-baseline.txt
r9,uri,baseline,6,11,120,BenchmarkReference/Parse/a^b,,BenchmarkReference/Parse/a^b,3146462,76.22,0,0,paired,,r9-uri-6-baseline.txt
r9,uri,baseline,6,11,120,BenchmarkReference/Check/a/☃,,BenchmarkReference/Check/a/☃,4192615,57.68,0,0,paired,,r9-uri-6-baseline.txt
r9,uri,baseline,6,11,120,BenchmarkReference/Parse/a/☃,,BenchmarkReference/Parse/a/☃,3109423,76.24,0,0,paired,,r9-uri-6-baseline.txt
r9,uri,baseline,6,11,120,BenchmarkReference/Escaped/ASCII,,BenchmarkReference/Escaped/ASCII,70380385,3.432,0,0,paired,,r9-uri-6-baseline.txt
r9,uri,baseline,6,11,120,BenchmarkReference/Escaped/extended,,BenchmarkReference/Escaped/extended,7883941,30.92,8,1,paired,,r9-uri-6-baseline.txt
r9,uri,current,6,12,119,BenchmarkReference/Check/schema.xsd,,BenchmarkReference/Check/schema.xsd,1453780,167.7,0,0,paired,,r9-uri-6-current.txt
r9,uri,current,6,12,119,BenchmarkReference/Parse/schema.xsd,,BenchmarkReference/Parse/schema.xsd,1301054,186.6,0,0,paired,,r9-uri-6-current.txt
r9,uri,current,6,12,119,BenchmarkReference/Check/https://example.com/schema.xsd,,BenchmarkReference/Check/https://example.com/schema.xsd,608769,413.6,0,0,paired,,r9-uri-6-current.txt
r9,uri,current,6,12,119,BenchmarkReference/Parse/https://example.com/schema.xsd,,BenchmarkReference/Parse/https://example.com/schema.xsd,525120,425.1,0,0,paired,,r9-uri-6-current.txt
r9,uri,current,6,12,119,BenchmarkReference/Check/path/schema%20name.xsd,,BenchmarkReference/Check/path/schema%20name.xsd,824883,280,0,0,paired,,r9-uri-6-current.txt
r9,uri,current,6,12,119,BenchmarkReference/Parse/path/schema%20name.xsd,,BenchmarkReference/Parse/path/schema%20name.xsd,806191,300.4,0,0,paired,,r9-uri-6-current.txt
r9,uri,current,6,12,119,BenchmarkReference/Check/a^b,,BenchmarkReference/Check/a^b,4046127,60.26,0,0,paired,,r9-uri-6-current.txt
r9,uri,current,6,12,119,BenchmarkReference/Parse/a^b,,BenchmarkReference/Parse/a^b,3025630,79.02,0,0,paired,,r9-uri-6-current.txt
r9,uri,current,6,12,119,BenchmarkReference/Check/a/☃,,BenchmarkReference/Check/a/☃,4089752,60.12,0,0,paired,,r9-uri-6-current.txt
r9,uri,current,6,12,119,BenchmarkReference/Parse/a/☃,,BenchmarkReference/Parse/a/☃,3083600,76.62,0,0,paired,,r9-uri-6-current.txt
r9,uri,current,6,12,119,BenchmarkReference/Escaped/ASCII,,BenchmarkReference/Escaped/ASCII,71865237,3.488,0,0,paired,,r9-uri-6-current.txt
r9,uri,current,6,12,119,BenchmarkReference/Escaped/extended,,BenchmarkReference/Escaped/extended,7558012,31.04,8,1,paired,,r9-uri-6-current.txt
